,open,high,low,close,volume
2019-11-04 14:15:00,1.9409999999999998,1.945,1.93,1.93,37493
2019-11-04 14:20:00,1.925,1.9276,1.92,1.92,9036
2019-11-04 14:25:00,1.93,1.93,1.91,1.91,11671
2019-11-04 14:30:00,1.9101,1.9119,1.8918,1.9051,36377
2019-11-04 14:35:00,1.905,1.91,1.89,1.89,7478
2019-11-04 14:40:00,1.89,1.9,1.89,1.9,5387
2019-11-04 14:45:00,1.91,1.92,1.91,1.92,971
2019-11-04 14:50:00,1.9151,1.9168,1.9086,1.9101,38251
2019-11-04 14:55:00,1.905,1.905,1.9,1.9,11582
2019-11-04 15:00:00,1.91,1.91,1.89,1.89,28845
2019-11-04 15:05:00,1.89,1.91,1.89,1.91,11016
2019-11-04 15:10:00,1.915,1.92,1.9,1.92,37349
2019-11-04 15:15:00,1.92,1.92,1.91,1.92,41624
2019-11-04 15:20:00,1.9151,1.9319,1.9119,1.9201,23538
2019-11-04 15:25:00,1.92,1.94,1.92,1.925,92430
2019-11-04 15:30:00,1.92,1.92,1.91,1.91,18344
2019-11-04 15:35:00,1.92,1.93,1.92,1.92,56795
2019-11-04 15:40:00,1.91,1.915,1.9,1.9,21373
2019-11-04 15:45:00,1.91,1.915,1.9,1.9101,28437
2019-11-04 15:50:00,1.9151,1.9219,1.9119,1.9201,32305
2019-11-04 15:55:00,1.9151,1.9418,1.9118,1.9401,67367
2019-11-04 16:00:00,1.94,1.94,1.91,1.93,242157
2019-11-05 09:35:00,1.95,1.95,1.9186,1.92,77526
2019-11-05 09:40:00,1.92,1.93,1.91,1.92,5496
2019-11-05 09:45:00,1.9101,1.9319,1.9068,1.9201,28256
2019-11-05 09:50:00,1.93,1.93,1.93,1.93,1538
2019-11-05 09:55:00,1.9301,1.9318,1.9018,1.9101,24713
2019-11-05 10:00:00,1.91,1.92,1.91,1.92,12330
2019-11-05 10:05:00,1.92,1.92,1.91,1.92,9787
2019-11-05 10:10:00,1.9151,1.92,1.9,1.9051,34133
2019-11-05 10:15:00,1.9101,1.9119,1.8968,1.9101,14723
2019-11-05 10:20:00,1.91,1.9115,1.8815,1.8914,53717
2019-11-05 10:25:00,1.8901,1.8918,1.8818,1.89,26002
2019-11-05 10:30:00,1.8801,1.8868,1.8718,1.8801,13852
2019-11-05 10:35:00,1.88,1.88,1.8771,1.8771,619
2019-11-05 10:40:00,1.875,1.8976,1.875,1.88,31759
2019-11-05 10:45:00,1.89,1.9,1.88,1.88,4315
2019-11-05 10:50:00,1.88,1.89,1.87,1.87,9890
2019-11-05 10:55:00,1.88,1.88,1.86,1.86,39047
2019-11-05 11:00:00,1.86,1.89,1.86,1.89,24609
2019-11-05 11:05:00,1.89,1.91,1.88,1.88,20026
2019-11-05 11:10:00,1.88,1.89,1.87,1.87,2886
2019-11-05 11:15:00,1.87,1.875,1.87,1.87,8080
2019-11-05 11:20:00,1.87,1.88,1.87,1.88,700
2019-11-05 11:25:00,1.8656,1.8799,1.86,1.8799,13565
2019-11-05 11:30:00,1.8701,1.8904,1.8667,1.8801,17477
2019-11-05 11:35:00,1.88,1.88,1.87,1.87,11762
2019-11-05 11:40:00,1.88,1.8816,1.8616,1.875,2293
2019-11-05 11:45:00,1.86,1.87,1.86,1.87,23670
2019-11-05 11:50:00,1.8651,1.8668,1.8318,1.8424,71716
2019-11-05 11:55:00,1.84,1.85,1.83,1.8341,11308
2019-11-05 12:00:00,1.84,1.84,1.83,1.83,5648
2019-11-05 12:05:00,1.8401,1.845,1.83,1.84,11480
2019-11-05 12:10:00,1.845,1.8469,1.83,1.83,10776
2019-11-05 12:15:00,1.83,1.83,1.825,1.825,3471
2019-11-05 12:20:00,1.83,1.84,1.83,1.835,1430
2019-11-05 12:25:00,1.83,1.84,1.83,1.84,1475
2019-11-05 12:30:00,1.83,1.83,1.815,1.815,10130
2019-11-05 12:35:00,1.82,1.83,1.82,1.83,2959
2019-11-05 12:40:00,1.8251,1.8318,1.8227,1.8301,3414
2019-11-05 12:45:00,1.83,1.835,1.8201,1.835,22555
2019-11-05 12:50:00,1.83,1.835,1.83,1.835,1722
2019-11-05 12:55:00,1.835,1.84,1.835,1.84,1067
2019-11-05 13:00:00,1.84,1.84,1.83,1.83,888
2019-11-05 13:05:00,1.83,1.835,1.83,1.83,1278
2019-11-05 13:10:00,1.83,1.835,1.83,1.83,825
2019-11-05 13:15:00,1.8351,1.84,1.83,1.8351,2734
2019-11-05 13:20:00,1.84,1.84,1.83,1.835,2567
2019-11-05 13:25:00,1.84,1.84,1.84,1.84,4687
2019-11-05 13:30:00,1.835,1.84,1.835,1.84,238
2019-11-05 13:35:00,1.84,1.84,1.84,1.84,300
2019-11-05 13:40:00,1.83,1.84,1.83,1.84,313
2019-11-05 13:45:00,1.84,1.84,1.83,1.83,1200
2019-11-05 13:50:00,1.83,1.84,1.83,1.835,2625
2019-11-05 13:55:00,1.835,1.84,1.83,1.83,3484
2019-11-05 14:00:00,1.83,1.83,1.825,1.83,2790
2019-11-05 14:05:00,1.8301,1.8368,1.8268,1.8351,4035
2019-11-05 14:10:00,1.835,1.84,1.83,1.835,2270
2019-11-05 14:15:00,1.84,1.84,1.835,1.84,1723
2019-11-05 14:20:00,1.84,1.84,1.835,1.835,960
2019-11-05 14:25:00,1.84,1.84,1.835,1.835,1153
2019-11-05 14:30:00,1.8351,1.845,1.835,1.8351,25643
2019-11-05 14:35:00,1.835,1.845,1.835,1.845,2368
2019-11-05 14:40:00,1.845,1.845,1.845,1.845,3780
2019-11-05 14:45:00,1.8451,1.8501,1.8417,1.8485,3201
2019-11-05 14:50:00,1.8451,1.8468,1.8368,1.8451,4005
2019-11-05 14:55:00,1.8401,1.845,1.835,1.8401,5561
2019-11-05 15:00:00,1.83,1.83,1.83,1.83,3512
2019-11-05 15:05:00,1.83,1.84,1.83,1.84,2350
2019-11-05 15:10:00,1.84,1.84,1.84,1.84,1842
2019-11-05 15:15:00,1.84,1.845,1.84,1.845,5272
2019-11-05 15:20:00,1.84,1.84,1.83,1.8313,1952
2019-11-05 15:25:00,1.83,1.85,1.83,1.845,12536
2019-11-05 15:30:00,1.8401,1.8468,1.8318,1.8351,5118
2019-11-05 15:35:00,1.84,1.84,1.835,1.835,601
2019-11-05 15:40:00,1.8401,1.8468,1.8368,1.8451,10506
2019-11-05 15:45:00,1.8401,1.8496,1.8317,1.8401,4311
2019-11-05 15:50:00,1.84,1.84,1.81,1.82,67088
2019-11-05 15:55:00,1.83,1.83,1.825,1.825,6963
2019-11-05 16:00:00,1.83,1.84,1.82,1.82,176986
2019-11-06 09:35:00,1.78,1.8,1.77,1.77,29299
2019-11-06 09:40:00,1.7701,1.7787,1.7516,1.7601,61330
2019-11-06 09:45:00,1.7801,1.7917,1.7764,1.7901,40754
2019-11-06 09:50:00,1.8,1.8,1.78,1.78,49920
2019-11-06 09:55:00,1.78,1.8,1.78,1.78,43010
2019-11-06 10:00:00,1.79,1.8,1.78,1.78,21154
2019-11-06 10:05:00,1.7847,1.79,1.77,1.775,22152
2019-11-06 10:10:00,1.78,1.8,1.78,1.8,19769
2019-11-06 10:15:00,1.79,1.82,1.79,1.82,18950
2019-11-06 10:20:00,1.8201,1.8217,1.8031,1.8101,25253
2019-11-06 10:25:00,1.8001,1.806,1.8,1.8001,11285
2019-11-06 10:30:00,1.81,1.815,1.79,1.79,30409
2019-11-06 10:35:00,1.7901,1.8018,1.7868,1.8001,95338
2019-11-06 10:40:00,1.795,1.8,1.79,1.79,2480
2019-11-06 10:45:00,1.79,1.79,1.7876,1.79,7194
2019-11-06 10:50:00,1.7901,1.7917,1.7817,1.7901,9538
2019-11-06 10:55:00,1.78,1.79,1.78,1.78,15013
2019-11-06 11:00:00,1.78,1.78,1.76,1.78,15740
2019-11-06 11:05:00,1.7751,1.7817,1.7717,1.7801,568
2019-11-06 11:10:00,1.7776,1.7817,1.7717,1.7801,3970
2019-11-06 11:15:00,1.7801,1.7817,1.7717,1.7801,16088
2019-11-06 11:20:00,1.775,1.775,1.77,1.77,14558
2019-11-06 11:25:00,1.7651,1.77,1.76,1.7651,3013
2019-11-06 11:30:00,1.755,1.7558,1.75,1.755,16148
2019-11-06 11:35:00,1.76,1.77,1.76,1.77,20508
2019-11-06 11:40:00,1.765,1.78,1.7612,1.7612,13173
2019-11-06 11:45:00,1.765,1.77,1.76,1.76,11002
2019-11-06 11:50:00,1.76,1.76,1.75,1.75,24528
2019-11-06 11:55:00,1.74,1.745,1.73,1.735,29098
2019-11-06 12:00:00,1.74,1.745,1.735,1.74,681151
2019-11-06 12:05:00,1.735,1.74,1.735,1.74,6520
2019-11-06 12:10:00,1.74,1.75,1.74,1.75,2029
2019-11-06 12:15:00,1.7401,1.7467,1.7317,1.7399,19133
2019-11-06 12:20:00,1.73,1.73,1.72,1.725,45602
2019-11-06 12:25:00,1.72,1.7248,1.71,1.72,21724
2019-11-06 12:30:00,1.725,1.7264,1.725,1.725,1842
2019-11-06 12:35:00,1.724,1.724,1.7,1.7,40208
2019-11-06 12:40:00,1.7,1.71,1.7,1.71,22495
2019-11-06 12:45:00,1.71,1.715,1.7,1.71,13522
2019-11-06 12:50:00,1.7201,1.7216,1.7116,1.7155,2042
2019-11-06 12:55:00,1.7151,1.7216,1.7116,1.7201,5166
2019-11-06 13:00:00,1.72,1.72,1.71,1.71,2192
2019-11-06 13:05:00,1.7151,1.7417,1.7146,1.7201,34072
2019-11-06 13:10:00,1.725,1.73,1.725,1.725,11724
2019-11-06 13:15:00,1.73,1.735,1.715,1.72,9376
2019-11-06 13:20:00,1.72,1.72,1.72,1.72,2255
2019-11-06 13:25:00,1.7264,1.735,1.7264,1.735,6074
2019-11-06 13:30:00,1.7351,1.7362,1.73,1.7351,3025
2019-11-06 13:35:00,1.73,1.73,1.71,1.71,4527
2019-11-06 13:40:00,1.71,1.715,1.71,1.71,7411
2019-11-06 13:45:00,1.7127,1.72,1.71,1.71,3372
2019-11-06 13:50:00,1.71,1.72,1.71,1.72,7780
2019-11-06 13:55:00,1.7201,1.7386,1.715,1.7301,9512
2019-11-06 14:00:00,1.73,1.73,1.73,1.73,3855
2019-11-06 14:05:00,1.74,1.74,1.73,1.73,3203
2019-11-06 14:10:00,1.7364,1.7364,1.73,1.73,1110
2019-11-06 14:15:00,1.7399,1.7399,1.715,1.715,23317
2019-11-06 14:20:00,1.71,1.715,1.71,1.715,1739
2019-11-06 14:25:00,1.71,1.71,1.71,1.71,29440
2019-11-06 14:30:00,1.7201,1.7317,1.7194,1.7251,8362
2019-11-06 14:35:00,1.725,1.725,1.71,1.71,4038
2019-11-06 14:40:00,1.71,1.7183,1.71,1.7136,4412
2019-11-06 14:45:00,1.7101,1.7116,1.7016,1.7051,4898
2019-11-06 14:50:00,1.7,1.71,1.7,1.71,53696
2019-11-06 14:55:00,1.705,1.715,1.7,1.715,17540
2019-11-06 15:00:00,1.71,1.73,1.71,1.73,8730
2019-11-06 15:05:00,1.7201,1.7268,1.7201,1.725,6580
2019-11-06 15:10:00,1.7251,1.7267,1.7116,1.7139,3607
2019-11-06 15:15:00,1.71,1.7162,1.71,1.71,13634
2019-11-06 15:20:00,1.7051,1.7086,1.705,1.7051,4655
2019-11-06 15:25:00,1.7101,1.7166,1.7016,1.7101,56441
2019-11-06 15:30:00,1.7101,1.7117,1.7067,1.7101,2329
2019-11-06 15:35:00,1.71,1.71,1.705,1.705,1201
2019-11-06 15:40:00,1.71,1.71,1.7,1.7,30792
2019-11-06 15:45:00,1.705,1.705,1.7,1.705,33457
2019-11-06 15:50:00,1.7074,1.7267,1.7016,1.725,68871
2019-11-06 15:55:00,1.7301,1.74,1.73,1.7301,51034
2019-11-06 16:00:00,1.74,1.74,1.7,1.72,196745
2019-11-07 09:35:00,1.7601,1.7709,1.755,1.7651,52675
2019-11-07 09:40:00,1.7651,1.77,1.76,1.7651,20505
2019-11-07 09:45:00,1.765,1.77,1.76,1.76,20569
2019-11-07 09:50:00,1.75,1.75,1.74,1.75,17579
2019-11-07 09:55:00,1.75,1.755,1.745,1.75,10380
2019-11-07 10:00:00,1.75,1.76,1.75,1.75,8277
2019-11-07 10:05:00,1.7601,1.7617,1.7417,1.7451,15068
2019-11-07 10:10:00,1.745,1.75,1.74,1.74,21702
2019-11-07 10:15:00,1.7401,1.7494,1.735,1.7401,25216
2019-11-07 10:20:00,1.745,1.75,1.73,1.73,43490
2019-11-07 10:25:00,1.73,1.74,1.73,1.735,5047
2019-11-07 10:30:00,1.73,1.7315,1.7015,1.71,14585
2019-11-07 10:35:00,1.72,1.74,1.72,1.74,5683
2019-11-07 10:40:00,1.7401,1.7817,1.7367,1.7798,100824
2019-11-07 10:45:00,1.775,1.8,1.76,1.77,67668
2019-11-07 10:50:00,1.7744,1.775,1.76,1.76,4542
2019-11-07 10:55:00,1.76,1.76,1.74,1.74,20814
2019-11-07 11:00:00,1.74,1.74,1.72,1.74,15703
2019-11-07 11:05:00,1.7351,1.74,1.7278,1.73,6008
2019-11-07 11:10:00,1.725,1.75,1.725,1.74,12142
2019-11-07 11:15:00,1.74,1.745,1.735,1.735,4575
2019-11-07 11:20:00,1.73,1.7315,1.7215,1.724,2433
2019-11-07 11:25:00,1.72,1.73,1.72,1.72,9959
2019-11-07 11:30:00,1.725,1.7269,1.725,1.725,1252
2019-11-07 11:35:00,1.725,1.7267,1.7117,1.72,27841
2019-11-07 11:40:00,1.7251,1.7257,1.72,1.7251,14678
2019-11-07 11:45:00,1.72,1.72,1.715,1.72,7438
2019-11-07 11:50:00,1.7281,1.7297,1.7166,1.7179,5237
2019-11-07 11:55:00,1.7151,1.7216,1.7116,1.7151,3540
2019-11-07 12:00:00,1.71,1.72,1.71,1.72,6653
2019-11-07 12:05:00,1.7151,1.7167,1.7063,1.71,50305
2019-11-07 12:10:00,1.71,1.71,1.71,1.71,25671
2019-11-07 12:15:00,1.71,1.715,1.71,1.71,8490
2019-11-07 12:20:00,1.715,1.73,1.715,1.72,21037
2019-11-07 12:25:00,1.7216,1.7267,1.7016,1.715,45870
2019-11-07 12:30:00,1.71,1.715,1.7,1.7,40224
2019-11-07 12:35:00,1.7,1.71,1.7,1.71,3390
2019-11-07 12:40:00,1.7003,1.71,1.7,1.705,14435
2019-11-07 12:45:00,1.71,1.72,1.705,1.705,8516
2019-11-07 12:50:00,1.705,1.705,1.705,1.705,150
2019-11-07 12:55:00,1.7,1.7,1.7,1.7,1000
2019-11-07 13:00:00,1.71,1.71,1.7,1.7,6610
2019-11-07 13:05:00,1.71,1.71,1.7,1.71,747
2019-11-07 13:10:00,1.7,1.715,1.7,1.7087,21633
2019-11-07 13:15:00,1.7099,1.71,1.705,1.705,4655
2019-11-07 13:20:00,1.7051,1.7066,1.7016,1.7051,875
2019-11-07 13:25:00,1.7,1.705,1.7,1.7,3927
2019-11-07 13:30:00,1.705,1.71,1.705,1.705,20221
2019-11-07 13:35:00,1.71,1.7180000000000002,1.71,1.715,11602
2019-11-07 13:40:00,1.71,1.7265,1.71,1.725,5885
2019-11-07 13:45:00,1.73,1.73,1.725,1.725,456
2019-11-07 13:50:00,1.73,1.73,1.725,1.73,770
2019-11-07 13:55:00,1.725,1.725,1.72,1.72,7400
2019-11-07 14:00:00,1.72,1.72,1.71,1.71,8032
2019-11-07 14:05:00,1.7101,1.72,1.7,1.7,19437
2019-11-07 14:10:00,1.7,1.7,1.7,1.7,18599
2019-11-07 14:15:00,1.7,1.7080000000000002,1.7,1.7,11422
2019-11-07 14:20:00,1.7,1.7,1.7,1.7,5930
2019-11-07 14:25:00,1.7,1.71,1.7,1.7,12863
2019-11-07 14:30:00,1.7,1.705,1.7,1.7,9150
2019-11-07 14:35:00,1.7,1.71,1.7,1.7,11844
2019-11-07 14:40:00,1.7,1.7,1.7,1.7,206
2019-11-07 14:45:00,1.7,1.71,1.7,1.71,19259
2019-11-07 14:50:00,1.705,1.705,1.705,1.705,389
2019-11-07 14:55:00,1.706,1.706,1.706,1.706,229
2019-11-07 15:00:00,1.7,1.71,1.7,1.71,1487
2019-11-07 15:05:00,1.705,1.705,1.7,1.7,8869
2019-11-07 15:10:00,1.7,1.71,1.7,1.7,1145
2019-11-07 15:15:00,1.7,1.7099,1.7,1.7,3018
2019-11-07 15:20:00,1.7001,1.7017,1.6917,1.7001,6993
2019-11-07 15:25:00,1.69,1.6911,1.69,1.69,3823
2019-11-07 15:30:00,1.69,1.7,1.69,1.7,9033
2019-11-07 15:35:00,1.7,1.7,1.69,1.69,10416
2019-11-07 15:40:00,1.69,1.6942,1.69,1.69,11358
2019-11-07 15:45:00,1.6901,1.71,1.69,1.71,25566
2019-11-07 15:50:00,1.71,1.7113,1.7013,1.705,5199
2019-11-07 15:55:00,1.7,1.72,1.7,1.72,107072
2019-11-07 16:00:00,1.72,1.74,1.71,1.74,47887
2019-11-08 09:35:00,1.72,1.72,1.69,1.69,65989
2019-11-08 09:40:00,1.69,1.69,1.685,1.6880000000000002,33685
2019-11-08 09:45:00,1.69,1.69,1.68,1.68,27058
2019-11-08 09:50:00,1.6901,1.7,1.69,1.6901,48612
2019-11-08 09:55:00,1.69,1.7,1.685,1.685,10657
2019-11-08 10:00:00,1.68,1.6865,1.675,1.68,85045
2019-11-08 10:05:00,1.6801,1.6816,1.6666,1.6701,28266
2019-11-08 10:10:00,1.6751,1.6916,1.6665,1.6801,21751
2019-11-08 10:15:00,1.68,1.685,1.67,1.67,27574
2019-11-08 10:20:00,1.67,1.6764,1.665,1.676,17209
2019-11-08 10:25:00,1.67,1.68,1.67,1.68,21516
2019-11-08 10:30:00,1.68,1.7,1.68,1.68,22521
2019-11-08 10:35:00,1.68,1.68,1.67,1.675,43888
2019-11-08 10:40:00,1.6701,1.68,1.6616,1.6701,18483
2019-11-08 10:45:00,1.675,1.675,1.665,1.67,15460
2019-11-08 10:50:00,1.6801,1.6916,1.6716,1.6901,14239
2019-11-08 10:55:00,1.6801,1.6816,1.6766,1.6801,4416
2019-11-08 11:00:00,1.68,1.68,1.665,1.67,7754
2019-11-08 11:05:00,1.6651,1.6739,1.6616,1.6724,12881
2019-11-08 11:10:00,1.67,1.675,1.665,1.675,4683
2019-11-08 11:20:00,1.6551,1.6716,1.6516,1.6601,70312
2019-11-08 11:25:00,1.66,1.6646,1.655,1.655,9524
2019-11-08 11:30:00,1.6601,1.6676,1.659,1.6601,22079
2019-11-08 11:35:00,1.66,1.66,1.65,1.66,34745
2019-11-08 11:40:00,1.6551,1.6716,1.6516,1.6701,17631
2019-11-08 11:45:00,1.67,1.68,1.655,1.655,13111
2019-11-08 11:50:00,1.655,1.6664,1.6546,1.66,5952
2019-11-08 11:55:00,1.6601,1.6615,1.6515,1.6542,14191
2019-11-08 12:00:00,1.66,1.66,1.655,1.66,3019
2019-11-08 12:05:00,1.66,1.66,1.6517,1.66,5624
2019-11-08 12:10:00,1.6601,1.6616,1.6516,1.6565,4437
2019-11-08 12:15:00,1.655,1.665,1.65,1.665,12662
2019-11-08 12:20:00,1.67,1.67,1.665,1.665,10631
2019-11-08 12:25:00,1.67,1.67,1.66,1.66,2716
2019-11-08 12:30:00,1.66,1.67,1.66,1.66,3810
2019-11-08 12:35:00,1.66,1.68,1.66,1.68,12948
2019-11-08 12:40:00,1.6704,1.68,1.67,1.67,7100
2019-11-08 12:45:00,1.66,1.66,1.66,1.66,709
2019-11-08 12:50:00,1.66,1.66,1.65,1.66,8071
2019-11-08 12:55:00,1.66,1.66,1.66,1.66,2725
2019-11-08 13:00:00,1.66,1.6657,1.655,1.66,3330
2019-11-08 13:05:00,1.65,1.66,1.65,1.65,725
2019-11-08 13:10:00,1.65,1.66,1.65,1.66,13895
2019-11-08 13:15:00,1.655,1.66,1.655,1.655,8459
2019-11-08 13:20:00,1.655,1.655,1.65,1.65,11199
2019-11-08 13:25:00,1.65,1.66,1.65,1.65,11173
2019-11-08 13:30:00,1.65,1.655,1.65,1.65,2366
2019-11-08 13:35:00,1.65,1.66,1.65,1.65,4966
2019-11-08 13:40:00,1.65,1.655,1.65,1.65,9612
2019-11-08 13:45:00,1.65,1.655,1.65,1.65,1706
2019-11-08 13:50:00,1.655,1.66,1.65,1.65,3902
2019-11-08 13:55:00,1.65,1.6509,1.65,1.65,11247
2019-11-08 14:00:00,1.65,1.66,1.65,1.66,10081
2019-11-08 14:05:00,1.655,1.66,1.65,1.65,1143
2019-11-08 14:10:00,1.65,1.6675,1.65,1.6675,33885
2019-11-08 14:15:00,1.665,1.67,1.665,1.67,357
2019-11-08 14:20:00,1.66,1.66,1.66,1.66,2270
2019-11-08 14:25:00,1.66,1.665,1.66,1.66,2499
2019-11-08 14:30:00,1.66,1.67,1.66,1.66,4951
2019-11-08 14:35:00,1.665,1.68,1.665,1.6784,25240
2019-11-08 14:40:00,1.67,1.67,1.6641,1.67,1455
2019-11-08 14:45:00,1.6651,1.6716,1.6616,1.6701,1017
2019-11-08 14:50:00,1.665,1.675,1.66,1.67,45854
2019-11-08 14:55:00,1.6796,1.68,1.6775,1.6776,4254
2019-11-08 15:00:00,1.67,1.68,1.67,1.68,804
2019-11-08 15:05:00,1.675,1.69,1.675,1.685,25631
2019-11-08 15:10:00,1.6901,1.6917,1.6816,1.6852,5033
2019-11-08 15:15:00,1.69,1.69,1.68,1.68,720
2019-11-08 15:20:00,1.68,1.69,1.68,1.68,4771
2019-11-08 15:25:00,1.685,1.6915,1.6815,1.685,3471
2019-11-08 15:30:00,1.685,1.695,1.685,1.695,10876
2019-11-08 15:35:00,1.6901,1.7,1.69,1.695,8700
2019-11-08 15:40:00,1.695,1.7013,1.6914,1.695,5824
2019-11-08 15:45:00,1.6901,1.7016,1.6816,1.6901,38642
2019-11-08 15:50:00,1.68,1.69,1.675,1.675,6865
2019-11-08 15:55:00,1.6801,1.6816,1.6716,1.6751,9753
2019-11-08 16:00:00,1.67,1.68,1.67,1.67,36318
2019-11-11 14:15:00,1.605,1.605,1.6,1.6,1715
2019-11-11 14:20:00,1.6076,1.61,1.6,1.6,5751
2019-11-11 14:25:00,1.6,1.6,1.59,1.59,10957
2019-11-11 14:30:00,1.5951,1.6015,1.5815,1.5891,26335
2019-11-11 14:35:00,1.5851,1.5916,1.5815,1.5901,6830
2019-11-11 14:40:00,1.59,1.59,1.58,1.58,2093
2019-11-11 14:45:00,1.59,1.59,1.585,1.59,4181
2019-11-11 14:50:00,1.58,1.585,1.58,1.58,9628
2019-11-11 14:55:00,1.58,1.585,1.58,1.58,3898
2019-11-11 15:00:00,1.58,1.585,1.58,1.58,2415
2019-11-11 15:05:00,1.58,1.58,1.58,1.58,4636
2019-11-11 15:10:00,1.58,1.59,1.58,1.58,6100
2019-11-11 15:15:00,1.5851,1.5865,1.5715,1.578,38711
2019-11-11 15:20:00,1.5751,1.577,1.57,1.5751,15739
2019-11-11 15:25:00,1.57,1.58,1.57,1.575,7150
2019-11-11 15:30:00,1.57,1.5735,1.56,1.565,33565
2019-11-11 15:35:00,1.57,1.57,1.56,1.56,13245
2019-11-11 15:40:00,1.565,1.57,1.56,1.56,5985
2019-11-11 15:45:00,1.56,1.57,1.56,1.56,27530
2019-11-11 15:50:00,1.5651,1.5672,1.56,1.5651,51782
2019-11-11 15:55:00,1.56,1.58,1.56,1.575,44482
2019-11-11 16:00:00,1.58,1.585,1.575,1.58,104815
2019-11-12 09:35:00,1.55,1.554,1.515,1.52,98737
2019-11-12 09:40:00,1.5,1.5,1.493,1.5,170964
2019-11-12 09:45:00,1.5,1.515,1.5,1.515,50060
2019-11-12 09:50:00,1.515,1.5215,1.4914,1.5,110238
2019-11-12 09:55:00,1.5,1.505,1.49,1.495,31877
2019-11-12 10:00:00,1.49,1.51,1.49,1.51,42396
2019-11-12 10:05:00,1.5101,1.5214,1.4914,1.4951,22268
2019-11-12 10:10:00,1.49,1.49,1.47,1.47,102704
2019-11-12 10:15:00,1.4801,1.4814,1.4614,1.4651,110081
2019-11-12 10:20:00,1.47,1.48,1.46,1.48,115468
2019-11-12 10:25:00,1.48,1.48,1.475,1.48,41235
2019-11-12 10:30:00,1.4899,1.49,1.48,1.48,19618
2019-11-12 10:35:00,1.4711,1.485,1.47,1.485,20186
2019-11-12 10:40:00,1.48,1.48,1.475,1.475,12828
2019-11-12 10:45:00,1.4801,1.4882,1.475,1.4801,33262
2019-11-12 10:50:00,1.475,1.49,1.475,1.49,24360
2019-11-12 10:55:00,1.48,1.5,1.48,1.5,17218
2019-11-12 11:00:00,1.5,1.5,1.49,1.49,7674
2019-11-12 11:05:00,1.4851,1.4914,1.4814,1.4901,5354
2019-11-12 11:10:00,1.49,1.49,1.48,1.49,8968
2019-11-12 11:15:00,1.483,1.5013,1.4813,1.49,43294
2019-11-12 11:20:00,1.49,1.494,1.49,1.49,9212
2019-11-12 11:25:00,1.49,1.49,1.485,1.4852,931
2019-11-12 11:30:00,1.485,1.4912,1.4812,1.49,4043
2019-11-12 11:35:00,1.4851,1.4864,1.4814,1.4851,2084
2019-11-12 11:40:00,1.4901,1.4914,1.4814,1.4901,2139
2019-11-12 11:45:00,1.4851,1.49,1.48,1.4851,1747
2019-11-12 11:50:00,1.48,1.5,1.48,1.4985,20680
2019-11-12 11:55:00,1.5,1.5,1.495,1.5,21225
2019-11-12 12:00:00,1.5,1.5,1.4901,1.5,2302
2019-11-12 12:05:00,1.4969999999999999,1.5,1.495,1.5,1603
2019-11-12 12:10:00,1.5,1.5,1.49,1.5,24416
2019-11-12 12:15:00,1.49,1.5,1.49,1.5,36930
2019-11-12 12:20:00,1.4942,1.5012,1.4912,1.4943,8247
2019-11-12 12:25:00,1.49,1.5,1.49,1.5,226
2019-11-12 12:30:00,1.49,1.5,1.49,1.5,1100
2019-11-12 12:35:00,1.49,1.5,1.49,1.5,2600
2019-11-12 12:40:00,1.5001,1.5014,1.4814,1.4851,23344
2019-11-12 12:45:00,1.485,1.49,1.48,1.48,21478
2019-11-12 12:50:00,1.48,1.4880000000000002,1.48,1.485,50420
2019-11-12 12:55:00,1.49,1.49,1.47,1.48,30538
2019-11-12 13:00:00,1.48,1.48,1.47,1.48,1921
2019-11-12 13:05:00,1.48,1.48,1.48,1.48,2029
2019-11-12 13:10:00,1.4804,1.4859,1.4801,1.485,7161
2019-11-12 13:15:00,1.485,1.5,1.485,1.5,3436
2019-11-12 13:20:00,1.4949,1.4949,1.49,1.49,3645
2019-11-12 13:25:00,1.495,1.5,1.49,1.49,24284
2019-11-12 13:30:00,1.4901,1.4914,1.4864,1.4901,14626
2019-11-12 13:35:00,1.5,1.5015,1.4915,1.495,8967
2019-11-12 13:40:00,1.495,1.495,1.49,1.49,9615
2019-11-12 13:45:00,1.49,1.5,1.485,1.5,22724
2019-11-12 13:50:00,1.495,1.495,1.4868,1.4868,13606
2019-11-12 13:55:00,1.49,1.49,1.48,1.49,665
2019-11-12 14:00:00,1.49,1.49,1.48,1.48,3407
2019-11-12 14:05:00,1.48,1.485,1.47,1.47,42594
2019-11-12 14:10:00,1.4701,1.4764,1.4514,1.4651,51508
2019-11-12 14:15:00,1.4651,1.4675,1.45,1.4601,14841
2019-11-12 14:20:00,1.4515,1.4559,1.45,1.45,11951
2019-11-12 14:25:00,1.455,1.46,1.45,1.45,18646
2019-11-12 14:30:00,1.45,1.455,1.45,1.45,12109
2019-11-12 14:35:00,1.46,1.46,1.45,1.45,11964
2019-11-12 14:40:00,1.46,1.46,1.44,1.44,34746
2019-11-12 14:45:00,1.445,1.4457,1.44,1.44,10525
2019-11-12 14:50:00,1.445,1.4474,1.43,1.43,35083
2019-11-12 14:55:00,1.44,1.44,1.44,1.44,9917
2019-11-12 15:00:00,1.43,1.44,1.43,1.44,35044
2019-11-12 15:05:00,1.435,1.44,1.435,1.435,4912
2019-11-12 15:10:00,1.4351,1.4363,1.4313,1.4321,18863
2019-11-12 15:15:00,1.4399,1.4399,1.43,1.4399,24811
2019-11-12 15:20:00,1.435,1.44,1.43,1.439,35682
2019-11-12 15:25:00,1.44,1.44,1.435,1.44,659
2019-11-12 15:30:00,1.4394,1.44,1.435,1.435,11640
2019-11-12 15:35:00,1.435,1.44,1.435,1.435,3345
2019-11-12 15:40:00,1.4401,1.4414,1.4344,1.4351,7662
2019-11-12 15:45:00,1.435,1.44,1.43,1.43,7419
2019-11-12 15:50:00,1.4301,1.4414,1.4214,1.4301,99083
2019-11-12 15:55:00,1.4251,1.43,1.4246,1.4247,46448
2019-11-12 16:00:00,1.42,1.46,1.42,1.46,176326
2019-11-13 09:35:00,1.42,1.43,1.42,1.425,51251
2019-11-13 09:40:00,1.42,1.43,1.42,1.4298,21497
2019-11-13 09:45:00,1.42,1.42,1.41,1.411,44597
2019-11-13 09:50:00,1.4105,1.42,1.41,1.4101,43052
2019-11-13 09:55:00,1.4151,1.4214,1.4114,1.4201,2259
2019-11-13 10:00:00,1.41,1.42,1.41,1.41,26201
2019-11-13 10:05:00,1.4151,1.4213,1.4113,1.4201,12656
2019-11-13 10:10:00,1.42,1.44,1.42,1.44,15910
2019-11-13 10:15:00,1.44,1.45,1.44,1.4401,11184
2019-11-13 10:20:00,1.44,1.44,1.435,1.44,11145
2019-11-13 10:25:00,1.4305,1.44,1.4305,1.44,1544
2019-11-13 10:30:00,1.4401,1.445,1.4363,1.4387,15900
2019-11-13 10:35:00,1.4346,1.44,1.4346,1.44,550
2019-11-13 10:40:00,1.43,1.435,1.43,1.435,2887
2019-11-13 10:45:00,1.4367,1.4414,1.4364,1.4401,1613
2019-11-13 10:50:00,1.4363,1.4363,1.43,1.43,7556
2019-11-13 10:55:00,1.42,1.42,1.41,1.41,19661
2019-11-13 11:00:00,1.41,1.41,1.4,1.4,20002
2019-11-13 11:05:00,1.4019,1.41,1.395,1.395,68881
2019-11-13 11:10:00,1.4,1.41,1.4,1.4099,62824
2019-11-13 11:15:00,1.41,1.42,1.4,1.408,36832
2019-11-13 11:20:00,1.405,1.405,1.4001,1.405,1033
2019-11-13 11:25:00,1.4101,1.4114,1.4038,1.4101,4806
2019-11-13 11:30:00,1.4101,1.4113,1.4013,1.4101,4376
2019-11-13 11:35:00,1.405,1.41,1.405,1.4052,605
2019-11-13 11:40:00,1.41,1.45,1.41,1.445,93734
2019-11-13 11:45:00,1.4441,1.4614,1.4415,1.4599,38152
2019-11-13 11:50:00,1.46,1.46,1.4513,1.46,1514
2019-11-13 11:55:00,1.46,1.46,1.45,1.45,11643
2019-11-13 12:00:00,1.44,1.44,1.43,1.44,4861
2019-11-13 12:05:00,1.43,1.435,1.42,1.42,7988
2019-11-13 12:10:00,1.425,1.43,1.425,1.43,2133
2019-11-13 12:15:00,1.4201,1.4214,1.4013,1.4172,4002
2019-11-13 12:20:00,1.4142,1.42,1.4142,1.42,732
2019-11-13 12:25:00,1.41,1.42,1.41,1.419,1595
2019-11-13 12:30:00,1.41,1.415,1.41,1.415,3086
2019-11-13 12:35:00,1.4101,1.42,1.4101,1.42,818
2019-11-13 12:40:00,1.42,1.43,1.42,1.43,16234
2019-11-13 12:45:00,1.42,1.42,1.41,1.42,2657
2019-11-13 12:55:00,1.4102,1.42,1.4101,1.42,4459
2019-11-13 13:00:00,1.41,1.42,1.41,1.42,7295
2019-11-13 13:05:00,1.4191,1.43,1.415,1.4151,8776
2019-11-13 13:10:00,1.41,1.4116,1.41,1.4116,3306
2019-11-13 13:15:00,1.42,1.42,1.42,1.42,101
2019-11-13 13:20:00,1.41,1.4196,1.41,1.41,1366
2019-11-13 13:25:00,1.4136,1.4164,1.4114,1.415,8964
2019-11-13 13:30:00,1.415,1.415,1.415,1.415,1222
2019-11-13 13:35:00,1.42,1.42,1.4168,1.42,4294
2019-11-13 13:40:00,1.42,1.425,1.4139,1.42,21153
2019-11-13 13:45:00,1.42,1.42,1.41,1.41,5400
2019-11-13 13:50:00,1.4151,1.4214,1.4114,1.4201,11526
2019-11-13 13:55:00,1.415,1.415,1.415,1.415,300
2019-11-13 14:00:00,1.41,1.41,1.4,1.41,8334
2019-11-13 14:05:00,1.4051,1.41,1.4,1.405,4309
2019-11-13 14:10:00,1.4051,1.41,1.405,1.4051,18444
2019-11-13 14:15:00,1.4096,1.4096,1.405,1.405,331
2019-11-13 14:20:00,1.4,1.4,1.4,1.4,220
2019-11-13 14:25:00,1.4,1.41,1.4,1.41,382
2019-11-13 14:30:00,1.4099,1.4099,1.4049,1.405,7710
2019-11-13 14:35:00,1.4084,1.4084,1.4,1.4,7808
2019-11-13 14:40:00,1.405,1.41,1.4,1.4,4098
2019-11-13 14:50:00,1.4051,1.4114,1.4013,1.4101,2372
2019-11-13 14:55:00,1.4051,1.41,1.405,1.4051,11732
2019-11-13 15:00:00,1.41,1.41,1.41,1.41,2970
2019-11-13 15:05:00,1.4056,1.4092,1.4,1.4,13168
2019-11-13 15:10:00,1.405,1.4091,1.405,1.405,4305
2019-11-13 15:15:00,1.41,1.41,1.4,1.41,5785
2019-11-13 15:20:00,1.4099,1.41,1.4099,1.41,637
2019-11-13 15:25:00,1.41,1.4114,1.4014,1.4038,1982
2019-11-13 15:30:00,1.405,1.43,1.405,1.41,53166
2019-11-13 15:35:00,1.42,1.42,1.415,1.415,7612
2019-11-13 15:40:00,1.415,1.415,1.41,1.41,2772
2019-11-13 15:45:00,1.4201,1.4213,1.4113,1.4151,5538
2019-11-13 15:50:00,1.415,1.415,1.41,1.41,6388
2019-11-13 15:55:00,1.41,1.42,1.41,1.415,3705
2019-11-13 16:00:00,1.42,1.43,1.41,1.43,73623
2019-11-14 14:10:00,1.395,1.4,1.3883,1.3883,2716
2019-11-14 14:15:00,1.39,1.39,1.38,1.39,9798
2019-11-14 14:20:00,1.3861,1.3896,1.3861,1.3896,1300
2019-11-14 14:25:00,1.3880000000000001,1.39,1.38,1.385,2519
2019-11-14 14:30:00,1.3851,1.3913,1.3813,1.3901,8161
2019-11-14 14:35:00,1.385,1.385,1.38,1.38,1112
2019-11-14 14:40:00,1.38,1.385,1.38,1.38,2979
2019-11-14 14:45:00,1.38,1.395,1.38,1.385,10463
2019-11-14 14:50:00,1.39,1.39,1.38,1.39,10965
2019-11-14 14:55:00,1.39,1.39,1.38,1.38,1923
2019-11-14 15:00:00,1.38,1.39,1.38,1.39,8187
2019-11-14 15:05:00,1.39,1.39,1.38,1.38,4276
2019-11-14 15:10:00,1.38,1.38,1.38,1.38,1265
2019-11-14 15:15:00,1.385,1.3899,1.38,1.38,2147
2019-11-14 15:20:00,1.38,1.39,1.38,1.385,2463
2019-11-14 15:25:00,1.38,1.385,1.38,1.38,23171
2019-11-14 15:30:00,1.385,1.39,1.38,1.38,7880
2019-11-14 15:35:00,1.38,1.38,1.37,1.37,43956
2019-11-14 15:40:00,1.375,1.3763,1.3613,1.37,52735
2019-11-14 15:45:00,1.365,1.37,1.36,1.36,50646
2019-11-14 15:50:00,1.37,1.38,1.36,1.38,23449
2019-11-14 15:55:00,1.375,1.3772,1.36,1.3769999999999998,41189
2019-11-14 16:00:00,1.38,1.38,1.37,1.37,68254
2019-11-15 09:35:00,1.3901,1.3913,1.3651,1.3701,84579
2019-11-15 09:40:00,1.3651,1.3863,1.3612,1.3801,23257
2019-11-15 09:45:00,1.38,1.39,1.3719999999999999,1.3719999999999999,17057
2019-11-15 09:50:00,1.3708,1.3786,1.36,1.36,13781
2019-11-15 09:55:00,1.37,1.38,1.36,1.36,5409
2019-11-15 10:00:00,1.36,1.37,1.36,1.37,3241
2019-11-15 10:05:00,1.36,1.3613,1.3413,1.345,34486
2019-11-15 10:10:00,1.35,1.37,1.35,1.37,18945
2019-11-15 10:15:00,1.38,1.38,1.37,1.37,10189
2019-11-15 10:20:00,1.36,1.37,1.36,1.36,10892
2019-11-15 10:25:00,1.3563,1.36,1.35,1.35,8997
2019-11-15 10:30:00,1.355,1.36,1.35,1.355,26614
2019-11-15 10:35:00,1.3662,1.3713,1.3613,1.365,18212
2019-11-15 10:40:00,1.375,1.39,1.375,1.39,11911
2019-11-15 10:45:00,1.39,1.39,1.38,1.38,2461
2019-11-15 10:50:00,1.375,1.3752,1.37,1.3752,3176
2019-11-15 10:55:00,1.375,1.38,1.375,1.38,1439
2019-11-15 11:00:00,1.38,1.38,1.3775,1.38,2509
2019-11-15 11:05:00,1.38,1.39,1.38,1.385,7762
2019-11-15 11:10:00,1.385,1.3895,1.38,1.38,8412
2019-11-15 11:15:00,1.385,1.39,1.385,1.3899,19183
2019-11-15 11:20:00,1.395,1.41,1.395,1.405,16667
2019-11-15 11:25:00,1.405,1.4152,1.4,1.4,9220
2019-11-15 11:30:00,1.4,1.41,1.4,1.41,11309
2019-11-15 11:35:00,1.41,1.43,1.41,1.42,31338
2019-11-15 11:40:00,1.415,1.42,1.415,1.4182,4190
2019-11-15 11:45:00,1.415,1.42,1.415,1.415,2115
2019-11-15 11:50:00,1.415,1.42,1.41,1.41,2140
2019-11-15 11:55:00,1.4101,1.42,1.41,1.42,8726
2019-11-15 12:00:00,1.42,1.42,1.41,1.42,1626
2019-11-15 12:05:00,1.41,1.42,1.41,1.415,600
2019-11-15 12:10:00,1.4101,1.4113,1.4013,1.4101,40941
2019-11-15 12:20:00,1.41,1.4112,1.4012,1.4069999999999998,3902
2019-11-15 12:25:00,1.41,1.41,1.403,1.41,5842
2019-11-15 12:30:00,1.4118,1.42,1.41,1.41,1052
2019-11-15 12:35:00,1.4199,1.42,1.415,1.42,1011
2019-11-15 12:40:00,1.4151,1.42,1.4,1.4040000000000001,19933
2019-11-15 12:45:00,1.4,1.41,1.4,1.405,1216
2019-11-15 12:50:00,1.4,1.41,1.4,1.4,4959
2019-11-15 12:55:00,1.4,1.4,1.4,1.4,456
2019-11-15 13:00:00,1.41,1.41,1.4,1.41,1127
2019-11-15 13:05:00,1.41,1.41,1.41,1.41,405
2019-11-15 13:10:00,1.4064,1.415,1.4064,1.41,4703
2019-11-15 13:15:00,1.41,1.41,1.41,1.41,1012
2019-11-15 13:20:00,1.415,1.415,1.41,1.41,709
2019-11-15 13:25:00,1.415,1.415,1.415,1.415,2341
2019-11-15 13:30:00,1.4152,1.4214,1.4114,1.4151,1482
2019-11-15 13:35:00,1.41,1.41,1.4,1.4,11571
2019-11-15 13:40:00,1.4061,1.4061,1.39,1.39,5962
2019-11-15 13:45:00,1.395,1.395,1.39,1.39,401
2019-11-15 13:50:00,1.39,1.4,1.39,1.4,510
2019-11-15 13:55:00,1.4,1.4,1.39,1.39,1075
2019-11-15 14:00:00,1.4,1.4,1.39,1.39,1228
2019-11-15 14:05:00,1.4,1.4,1.39,1.39,23531
2019-11-15 14:10:00,1.3963,1.4,1.39,1.4,750
2019-11-15 14:15:00,1.39,1.4,1.39,1.39,2390
2019-11-15 14:20:00,1.4,1.4,1.39,1.39,4396
2019-11-15 14:25:00,1.4,1.4,1.395,1.395,203
2019-11-15 14:30:00,1.39,1.395,1.38,1.38,20613
2019-11-15 14:35:00,1.3833,1.39,1.38,1.38,14947
2019-11-15 14:40:00,1.38,1.39,1.38,1.385,4195
2019-11-15 14:45:00,1.38,1.39,1.38,1.39,1370
2019-11-15 14:50:00,1.39,1.39,1.38,1.39,1012
2019-11-15 14:55:00,1.38,1.38,1.38,1.38,15966
2019-11-15 15:00:00,1.38,1.38,1.365,1.37,18624
2019-11-15 15:05:00,1.37,1.3813,1.3663,1.38,6274
2019-11-15 15:10:00,1.38,1.38,1.375,1.375,3989
2019-11-15 15:15:00,1.37,1.38,1.37,1.375,3104
2019-11-15 15:20:00,1.3751,1.38,1.375,1.3751,2757
2019-11-15 15:25:00,1.3751,1.38,1.375,1.3751,13780
2019-11-15 15:30:00,1.375,1.385,1.37,1.385,4848
2019-11-15 15:35:00,1.385,1.385,1.385,1.385,1950
2019-11-15 15:40:00,1.39,1.39,1.39,1.39,650
2019-11-15 15:45:00,1.385,1.385,1.38,1.38,28915
2019-11-15 15:50:00,1.375,1.38,1.37,1.38,21561
2019-11-15 15:55:00,1.37,1.38,1.37,1.37,34958
2019-11-15 16:00:00,1.38,1.38,1.36,1.36,135770
2019-11-18 09:35:00,1.38,1.44,1.38,1.39,328590
2019-11-18 09:40:00,1.38,1.38,1.37,1.38,27553
2019-11-18 09:45:00,1.38,1.3813,1.3613,1.37,35269
2019-11-18 09:50:00,1.3676,1.3687,1.355,1.355,14680
2019-11-18 09:55:00,1.355,1.36,1.355,1.3575,2866
2019-11-18 10:00:00,1.35,1.37,1.35,1.36,29174
2019-11-18 10:05:00,1.365,1.3713,1.3513,1.36,27548
2019-11-18 10:10:00,1.36,1.36,1.35,1.355,10446
2019-11-18 10:15:00,1.36,1.36,1.355,1.36,9986
2019-11-18 10:20:00,1.355,1.355,1.3384,1.345,56572
2019-11-18 10:25:00,1.348,1.348,1.345,1.3452,2654
2019-11-18 10:30:00,1.35,1.35,1.3458,1.3458,1546
2019-11-18 10:35:00,1.345,1.35,1.34,1.3491,6949
2019-11-18 10:40:00,1.3501,1.3513,1.3363,1.3451,23806
2019-11-18 10:45:00,1.34,1.35,1.34,1.34,12732
2019-11-18 10:50:00,1.34,1.35,1.34,1.34,10248
2019-11-18 10:55:00,1.34,1.34,1.33,1.33,24059
2019-11-18 11:00:00,1.33,1.34,1.31,1.32,21640
2019-11-18 11:05:00,1.32,1.33,1.32,1.33,34500
2019-11-18 11:10:00,1.3365,1.3365,1.32,1.32,2978
2019-11-18 11:15:00,1.32,1.325,1.32,1.325,511
2019-11-18 11:20:00,1.32,1.33,1.32,1.32,1277
2019-11-18 11:25:00,1.32,1.325,1.32,1.32,26438
2019-11-18 11:30:00,1.32,1.33,1.32,1.32,40977
2019-11-18 11:35:00,1.32,1.32,1.31,1.31,5493
2019-11-18 11:40:00,1.31,1.315,1.31,1.315,4149
2019-11-18 11:45:00,1.31,1.31,1.31,1.31,641
2019-11-18 11:50:00,1.32,1.32,1.31,1.31,4134
2019-11-18 11:55:00,1.31,1.32,1.31,1.32,13020
2019-11-18 12:00:00,1.32,1.33,1.32,1.33,10399
2019-11-18 12:05:00,1.325,1.33,1.32,1.325,9642
2019-11-18 12:10:00,1.3272,1.3272,1.32,1.32,7923
2019-11-18 12:15:00,1.33,1.331,1.321,1.3276,3141
2019-11-18 12:20:00,1.32,1.3292,1.32,1.3292,7757
2019-11-18 12:25:00,1.32,1.33,1.32,1.33,228
2019-11-18 12:30:00,1.32,1.3213,1.3063,1.315,88013
2019-11-18 12:35:00,1.3147,1.3147,1.3147,1.3147,1072
2019-11-18 12:40:00,1.31,1.32,1.31,1.32,408
2019-11-18 12:45:00,1.32,1.32,1.31,1.31,20871
2019-11-18 12:50:00,1.3135,1.3152,1.3135,1.3152,6365
2019-11-18 12:55:00,1.32,1.32,1.31,1.3195,6628
2019-11-18 13:00:00,1.32,1.32,1.31,1.31,1692
2019-11-18 13:05:00,1.31,1.32,1.31,1.32,411
2019-11-18 13:10:00,1.3173,1.3185,1.3113,1.3151,16024
2019-11-18 13:15:00,1.31,1.315,1.31,1.315,1314
2019-11-18 13:20:00,1.31,1.31,1.31,1.31,101
2019-11-18 13:25:00,1.31,1.315,1.31,1.31,1243
2019-11-18 13:30:00,1.32,1.32,1.31,1.31,1521
2019-11-18 13:35:00,1.31,1.32,1.31,1.315,1270
2019-11-18 13:40:00,1.31,1.32,1.3075,1.32,15374
2019-11-18 13:45:00,1.3144,1.315,1.31,1.315,494
2019-11-18 13:50:00,1.31,1.311,1.301,1.305,14272
2019-11-18 13:55:00,1.3,1.3059,1.3,1.3,2127
2019-11-18 14:00:00,1.3,1.31,1.3,1.31,601
2019-11-18 14:05:00,1.3,1.31,1.3,1.305,908
2019-11-18 14:10:00,1.3051,1.3051,1.3,1.3022,4685
2019-11-18 14:15:00,1.31,1.31,1.3,1.31,2811
2019-11-18 14:20:00,1.31,1.31,1.3,1.31,37059
2019-11-18 14:25:00,1.3064,1.32,1.305,1.31,7940
2019-11-18 14:30:00,1.32,1.32,1.31,1.32,21516
2019-11-18 14:35:00,1.32,1.32,1.315,1.32,6958
2019-11-18 14:40:00,1.32,1.3297,1.32,1.32,6224
2019-11-18 14:45:00,1.3201,1.3263,1.3163,1.3201,34517
2019-11-18 14:50:00,1.315,1.32,1.315,1.315,2155
2019-11-18 14:55:00,1.32,1.32,1.315,1.315,4497
2019-11-18 15:00:00,1.32,1.32,1.3,1.3,15939
2019-11-18 15:05:00,1.305,1.32,1.305,1.32,17840
2019-11-18 15:10:00,1.32,1.32,1.315,1.32,29822
2019-11-18 15:15:00,1.31,1.3118,1.3,1.305,28069
2019-11-18 15:20:00,1.305,1.315,1.305,1.315,7911
2019-11-18 15:25:00,1.315,1.315,1.315,1.315,2290
2019-11-18 15:30:00,1.31,1.32,1.31,1.31,1717
2019-11-18 15:35:00,1.31,1.31,1.3,1.3,18667
2019-11-18 15:40:00,1.31,1.3112,1.2912,1.3,55147
2019-11-18 15:45:00,1.3001,1.3113,1.2912,1.3101,79815
2019-11-18 15:50:00,1.305,1.31,1.305,1.31,3597
2019-11-18 15:55:00,1.3,1.32,1.3,1.32,109721
2019-11-18 16:00:00,1.32,1.32,1.31,1.32,94612
2019-11-19 09:35:00,1.34,1.34,1.3219999999999998,1.3219999999999998,166909
2019-11-19 09:40:00,1.3201,1.3213,1.3163,1.32,5495
2019-11-19 09:45:00,1.3146,1.32,1.3146,1.32,8498
2019-11-19 09:50:00,1.3201,1.3313,1.3148,1.3251,15759
2019-11-19 09:55:00,1.325,1.33,1.32,1.3201,23506
2019-11-19 10:00:00,1.32,1.325,1.31,1.32,12422
2019-11-19 10:05:00,1.32,1.325,1.31,1.31,46444
2019-11-19 10:10:00,1.31,1.32,1.31,1.32,19704
2019-11-19 10:15:00,1.32,1.33,1.32,1.33,27136
2019-11-19 10:20:00,1.33,1.33,1.32,1.32,2155
2019-11-19 10:25:00,1.33,1.331,1.311,1.32,32915
2019-11-19 10:30:00,1.3151,1.3313,1.3113,1.3201,42503
2019-11-19 10:35:00,1.31,1.31,1.3,1.305,22499
2019-11-19 10:40:00,1.3,1.3,1.29,1.3,13037
2019-11-19 10:45:00,1.295,1.3,1.26,1.2614,43169
2019-11-19 10:50:00,1.27,1.28,1.27,1.27,17828
2019-11-19 10:55:00,1.27,1.29,1.27,1.28,74474
2019-11-19 11:00:00,1.28,1.28,1.27,1.27,40138
2019-11-19 11:05:00,1.28,1.28,1.27,1.27,11796
2019-11-19 11:10:00,1.275,1.2779,1.2601,1.2601,39252
2019-11-19 11:15:00,1.265,1.27,1.26,1.27,74934
2019-11-19 11:20:00,1.2703,1.28,1.27,1.28,11238
2019-11-19 11:25:00,1.29,1.3,1.29,1.29,22537
2019-11-19 11:30:00,1.29,1.2913,1.2712,1.275,3137
2019-11-19 11:35:00,1.275,1.28,1.27,1.27,1466
2019-11-19 11:40:00,1.27,1.29,1.27,1.29,4534
2019-11-19 11:45:00,1.29,1.29,1.28,1.28,601
2019-11-19 11:50:00,1.285,1.285,1.27,1.28,6755
2019-11-19 11:55:00,1.285,1.29,1.285,1.285,3473
2019-11-19 12:00:00,1.29,1.3,1.29,1.3,1414
2019-11-19 12:05:00,1.3,1.3,1.29,1.29,3031
2019-11-19 12:10:00,1.29,1.29,1.28,1.28,653
2019-11-19 12:15:00,1.29,1.3,1.29,1.295,1576
2019-11-19 12:20:00,1.3,1.31,1.29,1.31,7843
2019-11-19 12:25:00,1.31,1.31,1.31,1.31,1186
2019-11-19 12:30:00,1.31,1.31,1.31,1.31,12878
2019-11-19 12:35:00,1.31,1.32,1.29,1.29,101704
2019-11-19 12:40:00,1.28,1.29,1.28,1.29,1990
2019-11-19 12:45:00,1.29,1.29,1.28,1.29,1260
2019-11-19 12:50:00,1.29,1.29,1.2834,1.2834,4611
2019-11-19 12:55:00,1.2851,1.2862,1.2812,1.2851,1350
2019-11-19 13:00:00,1.29,1.29,1.285,1.29,1001
2019-11-19 13:05:00,1.28,1.29,1.28,1.286,3160
2019-11-19 13:10:00,1.2878,1.29,1.28,1.29,3032
2019-11-19 13:15:00,1.28,1.29,1.28,1.29,5852
2019-11-19 13:20:00,1.29,1.3,1.29,1.3,4439
2019-11-19 13:25:00,1.29,1.3,1.29,1.29,1596
2019-11-19 13:30:00,1.28,1.3,1.28,1.3,6523
2019-11-19 13:35:00,1.29,1.3,1.29,1.29,10016
2019-11-19 13:40:00,1.29,1.29,1.285,1.285,1655
2019-11-19 13:45:00,1.28,1.28,1.275,1.275,24430
2019-11-19 13:50:00,1.2764,1.2776,1.2712,1.275,3075
2019-11-19 13:55:00,1.275,1.28,1.275,1.28,7447
2019-11-19 14:00:00,1.28,1.28,1.28,1.28,403
2019-11-19 14:05:00,1.286,1.29,1.28,1.28,1960
2019-11-19 14:10:00,1.29,1.29,1.27,1.28,8738
2019-11-19 14:15:00,1.2790000000000001,1.28,1.27,1.28,1052
2019-11-19 14:20:00,1.28,1.286,1.28,1.286,12446
2019-11-19 14:25:00,1.28,1.29,1.28,1.29,1238
2019-11-19 14:30:00,1.28,1.29,1.28,1.29,23202
2019-11-19 14:35:00,1.28,1.29,1.28,1.29,900
2019-11-19 14:40:00,1.29,1.29,1.28,1.29,2181
2019-11-19 14:45:00,1.29,1.29,1.28,1.28,751
2019-11-19 14:50:00,1.2854,1.29,1.28,1.29,1488
2019-11-19 14:55:00,1.29,1.29,1.29,1.29,55713
2019-11-19 15:00:00,1.29,1.29,1.29,1.29,11050
2019-11-19 15:05:00,1.295,1.295,1.28,1.28,11705
2019-11-19 15:10:00,1.284,1.29,1.28,1.285,5082
2019-11-19 15:15:00,1.29,1.29,1.28,1.28,306
2019-11-19 15:20:00,1.28,1.29,1.28,1.2801,19489
2019-11-19 15:25:00,1.28,1.2899,1.28,1.28,4952
2019-11-19 15:30:00,1.28,1.29,1.28,1.28,12916
2019-11-19 15:35:00,1.28,1.285,1.28,1.28,1546
2019-11-19 15:40:00,1.28,1.29,1.28,1.28,858
2019-11-19 15:45:00,1.28,1.29,1.28,1.28,3156
2019-11-19 15:50:00,1.28,1.29,1.28,1.28,11938
2019-11-19 15:55:00,1.28,1.3,1.28,1.3,105150
2019-11-19 16:00:00,1.3,1.31,1.29,1.31,143724
2019-11-20 09:35:00,1.3,1.3,1.3,1.3,87042
2019-11-20 09:40:00,1.3,1.31,1.295,1.3,5943
2019-11-20 09:45:00,1.3,1.3,1.2819999999999998,1.29,16168
2019-11-20 09:50:00,1.29,1.3,1.29,1.29,28389
2019-11-20 09:55:00,1.29,1.3011,1.2891,1.2919999999999998,15453
2019-11-20 10:00:00,1.29,1.3,1.29,1.3,5864
2019-11-20 10:05:00,1.3,1.3,1.3,1.3,28669
2019-11-20 10:10:00,1.3001,1.3012,1.2962,1.3001,9061
2019-11-20 10:15:00,1.3,1.32,1.3,1.32,12896
2019-11-20 10:20:00,1.31,1.32,1.31,1.31,7920
2019-11-20 10:25:00,1.315,1.3212,1.3062,1.31,29810
2019-11-20 10:30:00,1.3,1.31,1.29,1.29,121390
2019-11-20 10:35:00,1.29,1.3011,1.2811,1.3,83510
2019-11-20 10:40:00,1.29,1.3,1.28,1.28,48898
2019-11-20 10:45:00,1.28,1.28,1.27,1.274,19746
2019-11-20 10:50:00,1.27,1.28,1.27,1.28,43784
2019-11-20 10:55:00,1.28,1.29,1.28,1.29,4548
2019-11-20 11:00:00,1.29,1.29,1.2819999999999998,1.29,37897
2019-11-20 11:05:00,1.285,1.29,1.28,1.29,104793
2019-11-20 11:10:00,1.29,1.29,1.28,1.28,8596
2019-11-20 11:15:00,1.27,1.2828,1.27,1.2828,5740
2019-11-20 11:20:00,1.29,1.3,1.29,1.29,5584
2019-11-20 11:25:00,1.29,1.3,1.29,1.29,3293
2019-11-20 11:30:00,1.29,1.31,1.29,1.3075,58126
2019-11-20 11:35:00,1.305,1.31,1.29,1.29,203177
2019-11-20 11:40:00,1.295,1.3,1.29,1.29,4247
2019-11-20 11:45:00,1.29,1.3,1.28,1.28,20421
2019-11-20 11:50:00,1.286,1.3012,1.2812,1.29,40612
2019-11-20 11:55:00,1.291,1.3,1.291,1.3,14548
2019-11-20 12:00:00,1.3,1.3,1.29,1.29,54057
2019-11-20 12:05:00,1.3,1.3,1.29,1.29,11121
2019-11-20 12:10:00,1.29,1.295,1.29,1.29,11702
2019-11-20 12:15:00,1.29,1.3,1.29,1.29,26993
2019-11-20 12:20:00,1.3,1.3,1.29,1.29,30473
2019-11-20 12:25:00,1.29,1.3,1.29,1.29,47184
2019-11-20 12:30:00,1.295,1.295,1.29,1.29,5688
2019-11-20 12:35:00,1.3001,1.3013,1.2912,1.2951,39555
2019-11-20 12:40:00,1.295,1.31,1.295,1.31,137161
2019-11-20 12:45:00,1.31,1.3125,1.3,1.3,81454
2019-11-20 12:50:00,1.29,1.3,1.29,1.29,2887
2019-11-20 12:55:00,1.3,1.3,1.29,1.29,2827
2019-11-20 13:00:00,1.29,1.29,1.27,1.27,65049
2019-11-20 13:05:00,1.27,1.2723,1.2656,1.27,74903
2019-11-20 13:10:00,1.27,1.28,1.265,1.265,18009
2019-11-20 13:15:00,1.26,1.2687,1.26,1.2687,38161
2019-11-20 13:20:00,1.26,1.26,1.24,1.24,46598
2019-11-20 13:25:00,1.245,1.2612,1.2412,1.2551,30568
2019-11-20 13:30:00,1.26,1.27,1.2599,1.26,19740
2019-11-20 13:35:00,1.2701,1.2712,1.2612,1.2701,12989
2019-11-20 13:40:00,1.27,1.27,1.265,1.265,1865
2019-11-20 13:45:00,1.27,1.2712,1.2512,1.2584,18894
2019-11-20 13:50:00,1.25,1.255,1.25,1.255,3303
2019-11-20 13:55:00,1.26,1.27,1.25,1.27,19698
2019-11-20 14:00:00,1.26,1.26,1.26,1.26,3848
2019-11-20 14:05:00,1.26,1.27,1.26,1.26,1040
2019-11-20 14:10:00,1.26,1.265,1.26,1.26,1618
2019-11-20 14:15:00,1.2601,1.2612,1.2512,1.2601,4469
2019-11-20 14:20:00,1.25,1.26,1.25,1.2537,17847
2019-11-20 14:25:00,1.25,1.26,1.25,1.26,12932
2019-11-20 14:30:00,1.255,1.255,1.25,1.255,5837
2019-11-20 14:35:00,1.25,1.255,1.241,1.25,95986
2019-11-20 14:40:00,1.255,1.26,1.255,1.26,10592
2019-11-20 14:45:00,1.25,1.27,1.25,1.27,19379
2019-11-20 14:50:00,1.27,1.27,1.26,1.27,1984
2019-11-20 14:55:00,1.265,1.27,1.255,1.255,11219
2019-11-20 15:00:00,1.26,1.26,1.26,1.26,7821
2019-11-20 15:05:00,1.2601,1.2612,1.2531,1.2601,19312
2019-11-20 15:10:00,1.26,1.26,1.255,1.26,9220
2019-11-20 15:15:00,1.2601,1.2612,1.2412,1.2601,140253
2019-11-20 15:20:00,1.25,1.25,1.24,1.25,72405
2019-11-20 15:25:00,1.245,1.25,1.245,1.25,14471
2019-11-20 15:30:00,1.245,1.28,1.245,1.28,160889
2019-11-20 15:35:00,1.28,1.28,1.28,1.28,175321
2019-11-20 15:40:00,1.285,1.285,1.26,1.26,71013
2019-11-20 15:45:00,1.26,1.26,1.25,1.25,21120
2019-11-20 15:50:00,1.25,1.26,1.23,1.23,231294
2019-11-20 15:55:00,1.235,1.235,1.22,1.23,78626
2019-11-20 16:00:00,1.23,1.23,1.22,1.23,127565
2019-11-22 14:15:00,1.055,1.06,1.055,1.06,5704
2019-11-22 14:20:00,1.06,1.06,1.055,1.055,780
2019-11-22 14:25:00,1.06,1.06,1.055,1.06,780
2019-11-22 14:30:00,1.06,1.06,1.055,1.055,2798
2019-11-22 14:35:00,1.06,1.06,1.055,1.055,687
2019-11-22 14:40:00,1.055,1.055,1.05,1.055,2411
2019-11-22 14:45:00,1.055,1.055,1.05,1.05,502
2019-11-22 14:50:00,1.055,1.06,1.055,1.055,1970
2019-11-22 14:55:00,1.055,1.055,1.055,1.055,302
2019-11-22 15:00:00,1.06,1.06,1.05,1.05,5559
2019-11-22 15:05:00,1.055,1.06,1.05,1.05,1003
2019-11-22 15:10:00,1.06,1.06,1.05,1.05,2309
2019-11-22 15:15:00,1.06,1.06,1.05,1.06,3574
2019-11-22 15:20:00,1.06,1.06,1.05,1.05,16983
2019-11-22 15:25:00,1.055,1.06,1.05,1.05,1892
2019-11-22 15:30:00,1.055,1.06,1.055,1.055,17614
2019-11-22 15:35:00,1.055,1.06,1.05,1.0558,3795
2019-11-22 15:40:00,1.05,1.06,1.05,1.055,3324
2019-11-22 15:45:00,1.055,1.06,1.055,1.055,5309
2019-11-22 15:50:00,1.055,1.06,1.055,1.055,37449
2019-11-22 15:55:00,1.06,1.06,1.055,1.055,19557
2019-11-22 16:00:00,1.06,1.06,1.05,1.06,35348
2019-11-25 09:35:00,1.06,1.06,1.055,1.055,36885
2019-11-25 09:40:00,1.0575,1.06,1.0575,1.06,5292
2019-11-25 09:45:00,1.06,1.06,1.05,1.06,40286
2019-11-25 09:50:00,1.06,1.06,1.0527,1.055,4651
2019-11-25 09:55:00,1.06,1.06,1.05,1.05,3960
2019-11-25 10:00:00,1.05,1.06,1.05,1.05,9843
2019-11-25 10:05:00,1.0537,1.061,1.051,1.055,14164
2019-11-25 10:10:00,1.055,1.06,1.055,1.055,15695
2019-11-25 10:15:00,1.055,1.06,1.055,1.06,22446
2019-11-25 10:20:00,1.055,1.06,1.055,1.06,8252
2019-11-25 10:25:00,1.055,1.06,1.055,1.06,10896
2019-11-25 10:30:00,1.055,1.07,1.055,1.065,19878
2019-11-25 10:35:00,1.07,1.09,1.07,1.09,39612
2019-11-25 10:40:00,1.09,1.11,1.09,1.11,35782
2019-11-25 10:45:00,1.105,1.11,1.0999,1.11,54587
2019-11-25 10:50:00,1.11,1.12,1.11,1.1127,30037
2019-11-25 10:55:00,1.12,1.13,1.1188,1.1299,47164
2019-11-25 11:00:00,1.12,1.13,1.12,1.13,66073
2019-11-25 11:05:00,1.13,1.13,1.1201,1.122,14922
2019-11-25 11:10:00,1.1231,1.13,1.1201,1.13,9006
2019-11-25 11:15:00,1.13,1.13,1.1299,1.13,8341
2019-11-25 11:20:00,1.13,1.13,1.13,1.13,4679
2019-11-25 11:25:00,1.13,1.13,1.1201,1.13,5154
2019-11-25 11:30:00,1.13,1.13,1.1214,1.125,13447
2019-11-25 11:35:00,1.125,1.13,1.1249,1.1249,10911
2019-11-25 11:40:00,1.1214,1.13,1.12,1.13,5840
2019-11-25 11:45:00,1.13,1.13,1.125,1.125,4128
2019-11-25 11:50:00,1.13,1.13,1.13,1.13,1006
2019-11-25 11:55:00,1.13,1.13,1.125,1.13,3493
2019-11-25 12:00:00,1.13,1.13,1.125,1.13,13478
2019-11-25 12:05:00,1.13,1.13,1.125,1.13,22896
2019-11-25 12:10:00,1.13,1.14,1.13,1.14,20451
2019-11-25 12:15:00,1.14,1.14,1.13,1.14,14357
2019-11-25 12:20:00,1.14,1.14,1.14,1.14,600
2019-11-25 12:25:00,1.14,1.14,1.1363,1.14,7678
2019-11-25 12:30:00,1.14,1.14,1.14,1.14,2253
2019-11-25 12:35:00,1.14,1.14,1.13,1.14,1330
2019-11-25 12:40:00,1.14,1.14,1.14,1.14,3698
2019-11-25 12:45:00,1.14,1.14,1.14,1.14,4854
2019-11-25 12:50:00,1.14,1.14,1.135,1.14,4352
2019-11-25 12:55:00,1.14,1.15,1.14,1.15,11892
2019-11-25 13:00:00,1.15,1.15,1.1401,1.15,6708
2019-11-25 13:05:00,1.15,1.15,1.1487,1.15,2417
2019-11-25 13:10:00,1.15,1.15,1.1428,1.1428,2634
2019-11-25 13:15:00,1.1453,1.15,1.145,1.15,8481
2019-11-25 13:20:00,1.15,1.15,1.15,1.15,4171
2019-11-25 13:25:00,1.15,1.15,1.15,1.15,2322
2019-11-25 13:30:00,1.15,1.15,1.15,1.15,2794
2019-11-25 13:35:00,1.15,1.15,1.1448,1.15,9704
2019-11-25 13:40:00,1.15,1.15,1.145,1.15,891
2019-11-25 13:45:00,1.15,1.15,1.1442,1.1442,7021
2019-11-25 13:50:00,1.15,1.15,1.15,1.15,33288
2019-11-25 13:55:00,1.15,1.16,1.15,1.15,36587
2019-11-25 14:00:00,1.16,1.16,1.155,1.16,639
2019-11-25 14:05:00,1.155,1.155,1.15,1.155,30535
2019-11-25 14:10:00,1.16,1.16,1.16,1.16,6504
2019-11-25 14:15:00,1.16,1.16,1.1544,1.16,6190
2019-11-25 14:20:00,1.16,1.16,1.16,1.16,503
2019-11-25 14:25:00,1.16,1.16,1.155,1.16,792
2019-11-25 14:30:00,1.1537,1.16,1.1537,1.16,2467
2019-11-25 14:35:00,1.16,1.16,1.15,1.1501,8350
2019-11-25 14:40:00,1.16,1.16,1.155,1.16,5093
2019-11-25 14:45:00,1.16,1.16,1.16,1.16,4586
2019-11-25 14:50:00,1.16,1.17,1.16,1.165,16112
2019-11-25 14:55:00,1.17,1.17,1.17,1.17,700
2019-11-25 15:00:00,1.17,1.17,1.165,1.17,7279
2019-11-25 15:05:00,1.19,1.19,1.18,1.1801,36181
2019-11-25 15:10:00,1.1896,1.19,1.1896,1.19,241
2019-11-25 15:15:00,1.19,1.19,1.18,1.19,891
2019-11-25 15:20:00,1.185,1.19,1.18,1.18,60219
2019-11-25 15:25:00,1.19,1.19,1.18,1.18,4386
2019-11-25 15:30:00,1.19,1.19,1.18,1.19,17161
2019-11-25 15:35:00,1.185,1.19,1.18,1.185,6963
2019-11-25 15:40:00,1.1875,1.1912,1.1811,1.185,22096
2019-11-25 15:45:00,1.18,1.19,1.18,1.19,7782
2019-11-25 15:50:00,1.19,1.19,1.1825,1.185,24365
2019-11-25 15:55:00,1.18,1.19,1.18,1.185,66571
2019-11-25 16:00:00,1.18,1.19,1.17,1.18,80407
2019-12-02 13:20:00,1.1028,1.1028,1.1,1.1,2561
2019-12-02 13:25:00,1.11,1.11,1.11,1.11,301
2019-12-02 13:30:00,1.11,1.11,1.11,1.11,200
2019-12-02 13:35:00,1.1071,1.11,1.1,1.105,7024
2019-12-02 13:40:00,1.1,1.1,1.1,1.1,534
2019-12-02 13:50:00,1.11,1.11,1.11,1.11,129
2019-12-02 13:55:00,1.105,1.115,1.105,1.11,4500
2019-12-02 14:00:00,1.11,1.11,1.11,1.11,7688
2019-12-02 14:05:00,1.11,1.11,1.11,1.11,140
2019-12-02 14:10:00,1.105,1.105,1.105,1.105,424
2019-12-02 14:25:00,1.1,1.105,1.1,1.105,7185
2019-12-02 14:30:00,1.11,1.11,1.105,1.105,200
2019-12-02 14:35:00,1.11,1.11,1.1,1.1,9056
2019-12-02 14:40:00,1.1,1.105,1.1,1.105,308
2019-12-02 14:45:00,1.11,1.11,1.11,1.11,349
2019-12-02 14:50:00,1.11,1.11,1.105,1.105,562
2019-12-02 15:05:00,1.11,1.11,1.11,1.11,614
2019-12-02 15:15:00,1.11,1.11,1.11,1.11,347
2019-12-02 15:25:00,1.11,1.11,1.11,1.11,226
2019-12-02 15:35:00,1.1096,1.1096,1.1096,1.1096,2135
2019-12-02 15:40:00,1.11,1.11,1.11,1.11,920
2019-12-02 15:50:00,1.11,1.11,1.1,1.11,11016
2019-12-02 15:55:00,1.11,1.11,1.11,1.11,3531
2019-12-02 16:00:00,1.11,1.11,1.11,1.11,12876
2019-12-03 09:35:00,1.02,1.04,1.02,1.03,42912
2019-12-03 09:40:00,1.03,1.04,1.02,1.035,8280
2019-12-03 09:45:00,1.03,1.03,1.02,1.02,12590
2019-12-03 09:50:00,1.025,1.0272,1.0162,1.0162,33825
2019-12-03 09:55:00,1.01,1.02,1.01,1.02,8968
2019-12-03 10:00:00,1.02,1.03,1.02,1.03,14737
2019-12-03 10:05:00,1.0259,1.03,1.0259,1.03,6937
2019-12-03 10:10:00,1.03,1.03,1.025,1.03,11791
2019-12-03 10:15:00,1.023,1.03,1.02,1.028,8869
2019-12-03 10:20:00,1.02,1.03,1.02,1.03,3502
2019-12-03 10:25:00,1.025,1.03,1.025,1.03,2519
2019-12-03 10:30:00,1.0277,1.04,1.0277,1.04,12581
2019-12-03 10:35:00,1.04,1.04,1.034,1.035,3590
2019-12-03 10:40:00,1.035,1.035,1.035,1.035,700
2019-12-03 10:45:00,1.035,1.05,1.035,1.0408,6753
2019-12-03 10:50:00,1.04,1.05,1.04,1.05,8828
2019-12-03 10:55:00,1.05,1.06,1.05,1.06,11287
2019-12-03 11:00:00,1.06,1.06,1.055,1.06,879
2019-12-03 11:05:00,1.06,1.06,1.06,1.06,201
2019-12-03 11:10:00,1.06,1.07,1.06,1.07,2888
2019-12-03 11:15:00,1.07,1.07,1.07,1.07,3072
2019-12-03 11:20:00,1.08,1.08,1.08,1.08,2263
2019-12-03 11:25:00,1.075,1.08,1.07,1.075,1308
2019-12-03 11:30:00,1.077,1.08,1.075,1.08,2320
2019-12-03 11:35:00,1.074,1.08,1.074,1.08,2204
2019-12-03 11:40:00,1.09,1.09,1.09,1.09,113
2019-12-03 11:45:00,1.09,1.09,1.085,1.085,3687
2019-12-03 11:50:00,1.08,1.08,1.08,1.08,212
2019-12-03 11:55:00,1.09,1.09,1.08,1.08,695
2019-12-03 12:00:00,1.09,1.09,1.08,1.09,7292
2019-12-03 12:10:00,1.09,1.09,1.0877,1.0877,1200
2019-12-03 12:15:00,1.085,1.09,1.085,1.09,445
2019-12-03 12:20:00,1.09,1.09,1.09,1.09,452
2019-12-03 12:25:00,1.0837,1.0837,1.0837,1.0837,500
2019-12-03 12:30:00,1.09,1.09,1.09,1.09,412
2019-12-03 12:40:00,1.09,1.1,1.09,1.1,2643
2019-12-03 12:45:00,1.1,1.1,1.0976,1.1,805
2019-12-03 12:50:00,1.1,1.1,1.095,1.095,495
2019-12-03 12:55:00,1.1,1.1,1.0999,1.1,600
2019-12-03 13:00:00,1.1,1.11,1.1,1.11,2625
2019-12-03 13:05:00,1.11,1.11,1.1083,1.11,1184
2019-12-03 13:10:00,1.11,1.11,1.1039,1.1065,2921
2019-12-03 13:15:00,1.11,1.11,1.1,1.105,3970
2019-12-03 13:20:00,1.11,1.111,1.081,1.09,74106
2019-12-03 13:25:00,1.09,1.09,1.08,1.08,2914
2019-12-03 13:30:00,1.08,1.0896,1.08,1.083,28904
2019-12-03 13:35:00,1.08,1.08,1.07,1.07,4504
2019-12-03 13:40:00,1.0701,1.0701,1.05,1.05,18297
2019-12-03 13:45:00,1.055,1.06,1.045,1.045,38146
2019-12-03 13:50:00,1.045,1.05,1.045,1.05,1436
2019-12-03 13:55:00,1.05,1.06,1.05,1.05,20531
2019-12-03 14:00:00,1.05,1.05,1.045,1.05,411
2019-12-03 14:05:00,1.0473,1.0473,1.0323,1.04,27672
2019-12-03 14:10:00,1.04,1.0499,1.0399,1.04,20912
2019-12-03 14:15:00,1.04,1.04,1.035,1.035,3767
2019-12-03 14:20:00,1.0387,1.0387,1.03,1.03,3738
2019-12-03 14:25:00,1.04,1.04,1.03,1.04,3615
2019-12-03 14:30:00,1.03,1.036,1.021,1.0299,16156
2019-12-03 14:35:00,1.025,1.03,1.0243,1.0283,6038
2019-12-03 14:40:00,1.0283,1.0299,1.0242,1.025,3325
2019-12-03 14:45:00,1.0277,1.0285,1.0208,1.0238,3292
2019-12-03 14:50:00,1.0286,1.0299,1.02,1.02,10912
2019-12-03 14:55:00,1.03,1.03,1.02,1.02,15372
2019-12-03 15:00:00,1.03,1.03,1.02,1.02,1231
2019-12-03 15:05:00,1.025,1.025,1.02,1.025,382
2019-12-03 15:10:00,1.02,1.03,1.02,1.02,5649
2019-12-03 15:15:00,1.02,1.03,1.02,1.03,2607
2019-12-03 15:20:00,1.02,1.02,1.02,1.02,377
2019-12-03 15:25:00,1.03,1.031,1.021,1.0283,2207
2019-12-03 15:30:00,1.03,1.0499,1.02,1.045,34752
2019-12-03 15:35:00,1.04,1.058,1.04,1.05,49101
2019-12-03 15:40:00,1.06,1.061,1.0542,1.055,2413
2019-12-03 15:45:00,1.055,1.055,1.05,1.05,1640
2019-12-03 15:50:00,1.0549,1.0549,1.05,1.05,1690
2019-12-03 15:55:00,1.06,1.06,1.05,1.06,1587
2019-12-03 16:00:00,1.06,1.06,1.05,1.06,27481
2019-12-04 13:55:00,1.13,1.13,1.12,1.12,48323
2019-12-04 14:00:00,1.12,1.1232,1.12,1.12,4615
2019-12-04 14:05:00,1.125,1.13,1.125,1.13,311
2019-12-04 14:15:00,1.13,1.13,1.12,1.12,4457
2019-12-04 14:20:00,1.1213,1.1213,1.1213,1.1213,1010
2019-12-04 14:25:00,1.12,1.12,1.12,1.12,488
2019-12-04 14:30:00,1.11,1.11,1.11,1.11,1862
2019-12-04 14:35:00,1.11,1.11,1.11,1.11,1939
2019-12-04 14:45:00,1.12,1.12,1.115,1.115,313
2019-12-04 14:50:00,1.11,1.12,1.11,1.1149,3175
2019-12-04 14:55:00,1.11,1.12,1.105,1.105,4063
2019-12-04 15:00:00,1.11,1.11,1.1,1.11,8587
2019-12-04 15:05:00,1.11,1.11,1.105,1.11,2846
2019-12-04 15:10:00,1.11,1.11,1.1,1.1,364
2019-12-04 15:15:00,1.11,1.11,1.11,1.11,1841
2019-12-04 15:20:00,1.11,1.11,1.11,1.11,808
2019-12-04 15:25:00,1.12,1.12,1.1,1.1,6957
2019-12-04 15:30:00,1.1,1.11,1.1,1.11,1484
2019-12-04 15:35:00,1.11,1.12,1.1,1.1,7365
2019-12-04 15:40:00,1.11,1.11,1.1,1.1,3864
2019-12-04 15:45:00,1.1,1.1086,1.1,1.105,906
2019-12-04 15:50:00,1.11,1.11,1.1,1.1,20447
2019-12-04 15:55:00,1.11,1.11,1.105,1.105,60277
2019-12-04 16:00:00,1.11,1.11,1.1,1.11,99899
2019-12-05 09:35:00,1.1,1.12,1.1,1.1156,58181
2019-12-05 09:40:00,1.11,1.11,1.1,1.1,3628
2019-12-05 09:45:00,1.11,1.11,1.1093,1.11,5342
2019-12-05 09:50:00,1.105,1.12,1.1,1.12,23540
2019-12-05 09:55:00,1.115,1.12,1.11,1.115,6687
2019-12-05 10:00:00,1.12,1.12,1.115,1.12,1831
2019-12-05 10:05:00,1.115,1.115,1.1034,1.1034,13941
2019-12-05 10:10:00,1.11,1.11,1.1041,1.1041,3139
2019-12-05 10:15:00,1.11,1.11,1.11,1.11,932
2019-12-05 10:20:00,1.105,1.11,1.105,1.11,7258
2019-12-05 10:25:00,1.12,1.12,1.12,1.12,3626
2019-12-05 10:35:00,1.12,1.12,1.12,1.12,18737
2019-12-05 10:40:00,1.12,1.12,1.12,1.12,9590
2019-12-05 10:45:00,1.12,1.12,1.12,1.12,3984
2019-12-05 10:50:00,1.12,1.12,1.1171,1.12,6697
2019-12-05 10:55:00,1.12,1.12,1.12,1.12,15181
2019-12-05 11:00:00,1.12,1.12,1.1101,1.12,6134
2019-12-05 11:05:00,1.12,1.12,1.12,1.12,434
2019-12-05 11:10:00,1.12,1.12,1.1199,1.12,3825
2019-12-05 11:15:00,1.12,1.12,1.12,1.12,324
2019-12-05 11:20:00,1.12,1.12,1.12,1.12,854
2019-12-05 11:25:00,1.115,1.12,1.1102,1.12,627
2019-12-05 11:30:00,1.115,1.12,1.115,1.12,501
2019-12-05 11:35:00,1.11,1.12,1.11,1.12,1226
2019-12-05 11:40:00,1.11,1.12,1.11,1.12,561
2019-12-05 11:45:00,1.12,1.12,1.12,1.12,416
2019-12-05 11:50:00,1.1109,1.12,1.1109,1.12,737
2019-12-05 11:55:00,1.12,1.12,1.12,1.12,206
2019-12-05 12:00:00,1.12,1.12,1.12,1.12,530
2019-12-05 12:05:00,1.12,1.12,1.12,1.12,322
2019-12-05 12:10:00,1.12,1.12,1.11,1.11,10621
2019-12-05 12:15:00,1.11,1.11,1.11,1.11,1332
2019-12-05 12:20:00,1.11,1.11,1.105,1.105,210
2019-12-05 12:25:00,1.11,1.11,1.1,1.11,1821
2019-12-05 12:30:00,1.1061,1.11,1.105,1.1062,1972
2019-12-05 12:35:00,1.11,1.11,1.1045,1.11,988
2019-12-05 12:40:00,1.11,1.11,1.1013,1.11,2347
2019-12-05 12:45:00,1.105,1.11,1.105,1.11,625
2019-12-05 12:50:00,1.105,1.11,1.105,1.11,522
2019-12-05 12:55:00,1.1,1.1,1.1,1.1,6569
2019-12-05 13:00:00,1.1,1.1,1.1,1.1,3214
2019-12-05 13:05:00,1.0909,1.1,1.09,1.1,6636
2019-12-05 13:15:00,1.1,1.1,1.095,1.1,303
2019-12-05 13:20:00,1.1,1.1,1.0986,1.0986,759
2019-12-05 13:25:00,1.095,1.1,1.095,1.1,610
2019-12-05 13:30:00,1.1,1.1,1.1,1.1,122
2019-12-05 13:35:00,1.1,1.1,1.095,1.095,200
2019-12-05 13:40:00,1.095,1.095,1.095,1.095,107
2019-12-05 13:45:00,1.1,1.1,1.09,1.1,731
2019-12-05 13:50:00,1.1,1.1,1.1,1.1,107
2019-12-05 13:55:00,1.095,1.1,1.095,1.1,203
2019-12-05 14:00:00,1.09,1.09,1.09,1.09,1029
2019-12-05 14:05:00,1.1,1.1,1.1,1.1,547
2019-12-05 14:10:00,1.1,1.1,1.0931,1.1,3156
2019-12-05 14:15:00,1.1,1.1,1.1,1.1,494
2019-12-05 14:20:00,1.1,1.1,1.1,1.1,2692
2019-12-05 14:25:00,1.1,1.1,1.09,1.1,2000
2019-12-05 14:30:00,1.1,1.1,1.1,1.1,107
2019-12-05 14:35:00,1.095,1.095,1.095,1.095,100
2019-12-05 14:40:00,1.095,1.095,1.095,1.095,335
2019-12-05 14:45:00,1.1,1.1,1.1,1.1,387
2019-12-05 14:50:00,1.1,1.1,1.095,1.1,1224
2019-12-05 14:55:00,1.1,1.11,1.09,1.11,32426
2019-12-05 15:00:00,1.11,1.11,1.11,1.11,4577
2019-12-05 15:05:00,1.11,1.11,1.11,1.11,400
2019-12-05 15:10:00,1.11,1.11,1.11,1.11,3846
2019-12-05 15:15:00,1.11,1.11,1.105,1.105,5118
2019-12-05 15:20:00,1.11,1.11,1.11,1.11,112
2019-12-05 15:25:00,1.11,1.11,1.1,1.11,1709
2019-12-05 15:30:00,1.11,1.11,1.105,1.11,538
2019-12-05 15:35:00,1.11,1.11,1.105,1.105,1203
2019-12-05 15:40:00,1.11,1.11,1.105,1.11,4055
2019-12-05 15:45:00,1.11,1.11,1.105,1.105,1841
2019-12-05 15:50:00,1.105,1.11,1.1047,1.11,10219
2019-12-05 15:55:00,1.11,1.11,1.105,1.105,9053
2019-12-05 16:00:00,1.11,1.11,1.1,1.11,27453
2019-12-09 14:05:00,1.2708,1.28,1.26,1.26,13948
2019-12-09 14:10:00,1.27,1.27,1.26,1.27,3473
2019-12-09 14:15:00,1.2611,1.27,1.2611,1.27,8397
2019-12-09 14:20:00,1.265,1.2662,1.2614,1.2615,3190
2019-12-09 14:25:00,1.265,1.265,1.255,1.255,6266
2019-12-09 14:30:00,1.26,1.26,1.255,1.255,4001
2019-12-09 14:35:00,1.25,1.255,1.25,1.255,8619
2019-12-09 14:40:00,1.255,1.2584,1.255,1.2584,3123
2019-12-09 14:45:00,1.2601,1.2612,1.2512,1.2601,2237
2019-12-09 14:50:00,1.26,1.26,1.25,1.26,3271
2019-12-09 14:55:00,1.255,1.26,1.255,1.255,7099
2019-12-09 15:00:00,1.25,1.25,1.25,1.25,600
2019-12-09 15:05:00,1.26,1.26,1.255,1.26,1077
2019-12-09 15:10:00,1.2527,1.2527,1.25,1.25,8320
2019-12-09 15:15:00,1.25,1.26,1.25,1.25,1481
2019-12-09 15:20:00,1.2509,1.26,1.25,1.255,27573
2019-12-09 15:25:00,1.255,1.26,1.255,1.255,1500
2019-12-09 15:30:00,1.255,1.265,1.255,1.265,37751
2019-12-09 15:35:00,1.265,1.27,1.265,1.265,1300
2019-12-09 15:40:00,1.265,1.265,1.25,1.255,9900
2019-12-09 15:45:00,1.25,1.255,1.25,1.25,2031
2019-12-09 15:50:00,1.255,1.26,1.25,1.26,4416
2019-12-09 15:55:00,1.25,1.26,1.25,1.25,10144
2019-12-09 16:00:00,1.26,1.26,1.25,1.25,46339
2019-12-10 09:35:00,1.25,1.255,1.25,1.255,74726
2019-12-10 09:40:00,1.255,1.26,1.255,1.26,18660
2019-12-10 09:45:00,1.25,1.25,1.2421,1.2476,9870
2019-12-10 09:50:00,1.25,1.25,1.245,1.25,4511
2019-12-10 09:55:00,1.25,1.2711,1.2411,1.27,25125
2019-12-10 10:00:00,1.27,1.28,1.27,1.28,27073
2019-12-10 10:05:00,1.275,1.29,1.275,1.28,16719
2019-12-10 10:10:00,1.2851,1.3012,1.2847,1.3001,7173
2019-12-10 10:15:00,1.295,1.3,1.295,1.3,39157
2019-12-10 10:20:00,1.3,1.3,1.29,1.29,18020
2019-12-10 10:25:00,1.29,1.29,1.28,1.28,77184
2019-12-10 10:30:00,1.29,1.3,1.285,1.3,16039
2019-12-10 10:35:00,1.3,1.3,1.285,1.285,12963
2019-12-10 10:40:00,1.285,1.285,1.285,1.285,101
2019-12-10 10:45:00,1.29,1.29,1.29,1.29,3497
2019-12-10 10:50:00,1.29,1.301,1.281,1.295,85794
2019-12-10 10:55:00,1.2951,1.3113,1.2926,1.3101,38862
2019-12-10 11:00:00,1.31,1.31,1.31,1.31,1912
2019-12-10 11:05:00,1.31,1.31,1.3,1.3,20786
2019-12-10 11:10:00,1.295,1.3,1.295,1.3,10694
2019-12-10 11:15:00,1.3,1.305,1.3,1.305,4741
2019-12-10 11:20:00,1.31,1.32,1.31,1.31,18473
2019-12-10 11:25:00,1.308,1.31,1.3076,1.31,11874
2019-12-10 11:30:00,1.31,1.31,1.31,1.31,1056
2019-12-10 11:35:00,1.31,1.315,1.305,1.305,11899
2019-12-10 11:40:00,1.31,1.31,1.31,1.31,3616
2019-12-10 11:45:00,1.3101,1.3113,1.3014,1.3051,6347
2019-12-10 11:50:00,1.31,1.31,1.3001,1.31,11674
2019-12-10 11:55:00,1.31,1.31,1.3,1.3,14402
2019-12-10 12:00:00,1.31,1.31,1.31,1.31,2463
2019-12-10 12:05:00,1.31,1.32,1.31,1.32,8505
2019-12-10 12:10:00,1.32,1.32,1.315,1.32,4176
2019-12-10 12:15:00,1.31,1.32,1.31,1.32,1910
2019-12-10 12:20:00,1.31,1.31,1.31,1.31,9153
2019-12-10 12:25:00,1.3,1.31,1.3,1.31,2474
2019-12-10 12:30:00,1.31,1.31,1.295,1.295,29778
2019-12-10 12:35:00,1.295,1.3,1.295,1.3,11914
2019-12-10 12:40:00,1.3,1.3112,1.2962,1.305,25862
2019-12-10 12:45:00,1.305,1.32,1.305,1.315,24138
2019-12-10 12:50:00,1.31,1.315,1.31,1.3117,2412
2019-12-10 12:55:00,1.31,1.31,1.31,1.31,1292
2019-12-10 13:00:00,1.31,1.3145,1.305,1.31,9110
2019-12-10 13:05:00,1.31,1.31,1.305,1.31,5306
2019-12-10 13:10:00,1.31,1.31,1.31,1.31,3224
2019-12-10 13:15:00,1.31,1.31,1.3,1.31,2381
2019-12-10 13:20:00,1.31,1.32,1.31,1.315,4551
2019-12-10 13:30:00,1.3161,1.32,1.31,1.32,1258
2019-12-10 13:35:00,1.3101,1.3113,1.3037,1.3051,5084
2019-12-10 13:40:00,1.305,1.32,1.305,1.315,5396
2019-12-10 13:45:00,1.31,1.315,1.31,1.315,490
2019-12-10 13:50:00,1.3119999999999998,1.3211,1.3061,1.31,11550
2019-12-10 14:00:00,1.32,1.32,1.31,1.31,239
2019-12-10 14:05:00,1.315,1.32,1.315,1.315,1747
2019-12-10 14:10:00,1.315,1.32,1.315,1.32,3285
2019-12-10 14:15:00,1.3167,1.3213,1.3163,1.3201,7595
2019-12-10 14:20:00,1.315,1.315,1.315,1.315,111
2019-12-10 14:25:00,1.315,1.315,1.315,1.315,189
2019-12-10 14:30:00,1.31,1.32,1.31,1.3157,4126
2019-12-10 14:35:00,1.315,1.315,1.31,1.315,2364
2019-12-10 14:40:00,1.32,1.32,1.315,1.3162,5320
2019-12-10 14:45:00,1.32,1.32,1.315,1.32,6774
2019-12-10 14:50:00,1.3118,1.315,1.3118,1.315,824
2019-12-10 14:55:00,1.3178,1.3178,1.31,1.31,1305
2019-12-10 15:00:00,1.32,1.32,1.32,1.32,400
2019-12-10 15:05:00,1.3152,1.32,1.315,1.3151,3394
2019-12-10 15:10:00,1.315,1.32,1.31,1.32,754
2019-12-10 15:15:00,1.32,1.32,1.32,1.32,127
2019-12-10 15:20:00,1.3154,1.32,1.315,1.32,1706
2019-12-10 15:25:00,1.32,1.32,1.3115,1.3115,5917
2019-12-10 15:30:00,1.31,1.32,1.31,1.32,5011
2019-12-10 15:35:00,1.32,1.32,1.31,1.32,18175
2019-12-10 15:40:00,1.3167,1.3213,1.3113,1.315,5416
2019-12-10 15:45:00,1.3177,1.32,1.3039,1.3039,95501
2019-12-10 15:50:00,1.3051,1.3113,1.3013,1.3051,27152
2019-12-10 15:55:00,1.31,1.31,1.29,1.29,43608
2019-12-10 16:00:00,1.3,1.3,1.29,1.29,40330
2019-12-11 14:05:00,1.3601,1.3613,1.359,1.3601,2164
2019-12-11 14:10:00,1.3599,1.37,1.3599,1.365,2533
2019-12-11 14:15:00,1.3701,1.3713,1.3663,1.3701,966
2019-12-11 14:20:00,1.37,1.37,1.365,1.37,1891
2019-12-11 14:25:00,1.37,1.37,1.365,1.37,3414
2019-12-11 14:30:00,1.37,1.37,1.365,1.365,1517
2019-12-11 14:35:00,1.3647,1.37,1.3647,1.37,1620
2019-12-11 14:40:00,1.37,1.37,1.37,1.37,1779
2019-12-11 14:45:00,1.37,1.37,1.37,1.37,1267
2019-12-11 14:50:00,1.37,1.37,1.36,1.36,16903
2019-12-11 14:55:00,1.365,1.365,1.35,1.35,45828
2019-12-11 15:00:00,1.36,1.36,1.34,1.34,5418
2019-12-11 15:05:00,1.345,1.345,1.345,1.345,100
2019-12-11 15:10:00,1.35,1.35,1.34,1.34,1411
2019-12-11 15:15:00,1.35,1.35,1.34,1.345,5165
2019-12-11 15:20:00,1.35,1.35,1.345,1.35,1098
2019-12-11 15:25:00,1.35,1.35,1.3437,1.35,5210
2019-12-11 15:30:00,1.35,1.35,1.34,1.35,2080
2019-12-11 15:35:00,1.34,1.35,1.34,1.35,1310
2019-12-11 15:40:00,1.3451,1.35,1.34,1.3451,2021
2019-12-11 15:45:00,1.345,1.35,1.34,1.34,11730
2019-12-11 15:50:00,1.3397,1.3413,1.3359999999999999,1.3401,20655
2019-12-11 15:55:00,1.34,1.3513,1.3334,1.3451,15691
2019-12-11 16:00:00,1.35,1.35,1.34,1.34,21153
2019-12-12 09:35:00,1.31,1.3382,1.31,1.33,44278
2019-12-12 09:40:00,1.3317,1.3365,1.325,1.3358,17165
2019-12-12 09:45:00,1.34,1.3513,1.3363,1.35,11994
2019-12-12 09:50:00,1.35,1.35,1.34,1.35,13489
2019-12-12 09:55:00,1.3485,1.3513,1.3446,1.3501,4863
2019-12-12 10:00:00,1.36,1.3604,1.3565,1.36,3509
2019-12-12 10:05:00,1.3607,1.38,1.36,1.38,8059
2019-12-12 10:10:00,1.38,1.4,1.38,1.4,12639
2019-12-12 10:15:00,1.392,1.3962,1.3812,1.39,22927
2019-12-12 10:20:00,1.38,1.38,1.375,1.38,8172
2019-12-12 10:25:00,1.375,1.38,1.375,1.38,36791
2019-12-12 10:30:00,1.3747,1.38,1.3708,1.3708,5739
2019-12-12 10:35:00,1.3798,1.381,1.3619999999999999,1.3701,11573
2019-12-12 10:40:00,1.3602,1.3618,1.3602,1.3618,7626
2019-12-12 10:45:00,1.365,1.37,1.3594,1.3594,10600
2019-12-12 10:50:00,1.36,1.36,1.3507,1.3597,37234
2019-12-12 10:55:00,1.36,1.38,1.36,1.38,21581
2019-12-12 11:00:00,1.38,1.38,1.37,1.37,4041
2019-12-12 11:05:00,1.37,1.375,1.37,1.37,6240
2019-12-12 11:10:00,1.37,1.37,1.36,1.36,1802
2019-12-12 11:15:00,1.355,1.3563,1.3413,1.3461,43009
2019-12-12 11:20:00,1.345,1.35,1.345,1.3486,355
2019-12-12 11:25:00,1.3451,1.3513,1.3313,1.3351,26761
2019-12-12 11:30:00,1.335,1.35,1.335,1.345,5831
2019-12-12 11:35:00,1.3451,1.3463,1.3415,1.3417,6327
2019-12-12 11:40:00,1.3455,1.35,1.3455,1.35,1106
2019-12-12 11:45:00,1.345,1.36,1.345,1.355,6840
2019-12-12 11:50:00,1.355,1.36,1.355,1.3552,1931
2019-12-12 11:55:00,1.36,1.36,1.355,1.36,1098
2019-12-12 12:00:00,1.35,1.35,1.35,1.35,699
2019-12-12 12:05:00,1.35,1.36,1.35,1.355,480
2019-12-12 12:10:00,1.355,1.36,1.35,1.35,701
2019-12-12 12:15:00,1.35,1.35,1.35,1.35,102
2019-12-12 12:20:00,1.35,1.36,1.35,1.36,7220
2019-12-12 12:25:00,1.36,1.36,1.36,1.36,549
2019-12-12 12:30:00,1.355,1.3599,1.35,1.35,2359
2019-12-12 12:35:00,1.355,1.355,1.35,1.355,3036
2019-12-12 12:40:00,1.36,1.36,1.3581,1.36,599
2019-12-12 12:45:00,1.36,1.37,1.36,1.37,8383
2019-12-12 12:50:00,1.3665,1.3665,1.365,1.365,5237
2019-12-12 12:55:00,1.3696,1.37,1.365,1.365,2232
2019-12-12 13:00:00,1.37,1.37,1.3658,1.37,952
2019-12-12 13:05:00,1.3701,1.375,1.37,1.3701,8958
2019-12-12 13:10:00,1.375,1.38,1.375,1.38,554
2019-12-12 13:15:00,1.38,1.38,1.36,1.36,9986
2019-12-12 13:20:00,1.3601,1.3601,1.36,1.36,2822
2019-12-12 13:25:00,1.365,1.365,1.365,1.365,132
2019-12-12 13:30:00,1.36,1.36,1.36,1.36,200
2019-12-12 13:35:00,1.37,1.37,1.36,1.36,704
2019-12-12 13:40:00,1.365,1.365,1.365,1.365,107
2019-12-12 13:45:00,1.36,1.37,1.355,1.355,22062
2019-12-12 13:50:00,1.3501,1.355,1.3501,1.355,5592
2019-12-12 14:00:00,1.36,1.36,1.35,1.35,1868
2019-12-12 14:05:00,1.3562,1.3562,1.35,1.35,1100
2019-12-12 14:10:00,1.35,1.36,1.35,1.355,761
2019-12-12 14:15:00,1.36,1.3713,1.3563,1.37,8414
2019-12-12 14:20:00,1.37,1.37,1.37,1.37,100
2019-12-12 14:25:00,1.38,1.38,1.37,1.37,304
2019-12-12 14:30:00,1.38,1.38,1.37,1.37,316
2019-12-12 14:35:00,1.365,1.38,1.365,1.375,16411
2019-12-12 14:40:00,1.375,1.375,1.375,1.375,204
2019-12-12 14:45:00,1.37,1.375,1.37,1.375,932
2019-12-12 14:50:00,1.38,1.38,1.37,1.37,3745
2019-12-12 14:55:00,1.375,1.375,1.37,1.37,305
2019-12-12 15:00:00,1.38,1.38,1.375,1.38,309
2019-12-12 15:05:00,1.38,1.38,1.38,1.38,105
2019-12-12 15:10:00,1.375,1.3762,1.3612,1.37,27179
2019-12-12 15:20:00,1.375,1.375,1.375,1.375,251
2019-12-12 15:25:00,1.38,1.3913,1.3763,1.39,11925
2019-12-12 15:30:00,1.385,1.4,1.385,1.4,3795
2019-12-12 15:35:00,1.4,1.4,1.395,1.4,6669
2019-12-12 15:40:00,1.4001,1.4013,1.3963,1.4001,1016
2019-12-12 15:45:00,1.3903,1.4,1.38,1.3851,33354
2019-12-12 15:50:00,1.39,1.3914,1.3814,1.385,3838
2019-12-12 15:55:00,1.3901,1.3913,1.3863,1.3901,6191
2019-12-12 16:00:00,1.38,1.39,1.36,1.36,48747
2020-01-17 12:40:00,1.77,1.77,1.77,1.77,1427
2020-01-17 12:45:00,1.77,1.7799,1.77,1.77,1101
2020-01-17 12:50:00,1.77,1.77,1.77,1.77,750
2020-01-17 12:55:00,1.77,1.78,1.77,1.77,1761
2020-01-17 13:00:00,1.77,1.77,1.77,1.77,1155
2020-01-17 13:05:00,1.77,1.775,1.77,1.77,3171
2020-01-17 13:10:00,1.77,1.77,1.77,1.77,1375
2020-01-17 13:15:00,1.77,1.77,1.77,1.77,1000
2020-01-17 13:20:00,1.77,1.7789,1.77,1.77,9608
2020-01-17 13:25:00,1.77,1.7763,1.77,1.77,7600
2020-01-17 13:30:00,1.77,1.77,1.77,1.77,7633
2020-01-17 13:35:00,1.77,1.775,1.77,1.77,3450
2020-01-17 13:40:00,1.77,1.775,1.77,1.77,1274
2020-01-17 13:45:00,1.77,1.7789,1.76,1.76,7844
2020-01-17 13:50:00,1.77,1.77,1.76,1.76,1600
2020-01-17 13:55:00,1.76,1.7699,1.76,1.76,3005
2020-01-17 14:00:00,1.76,1.76,1.76,1.76,2803
2020-01-17 14:05:00,1.765,1.7698,1.76,1.76,5125
2020-01-17 14:10:00,1.7601,1.7639,1.7517,1.7551,26581
2020-01-17 14:15:00,1.75,1.75,1.75,1.75,806
2020-01-17 14:20:00,1.75,1.755,1.75,1.75,1130
2020-01-17 14:25:00,1.75,1.75,1.75,1.75,1215
2020-01-17 14:30:00,1.75,1.755,1.75,1.75,1210
2020-01-17 14:35:00,1.7551,1.7567,1.7517,1.7551,1061
2020-01-17 14:40:00,1.75,1.75,1.75,1.75,1033
2020-01-17 14:45:00,1.75,1.75,1.75,1.75,1229
2020-01-17 14:50:00,1.75,1.759,1.75,1.759,3357
2020-01-17 14:55:00,1.75,1.75,1.75,1.75,1020
2020-01-17 15:00:00,1.75,1.75,1.75,1.75,802
2020-01-17 15:05:00,1.75,1.75,1.75,1.75,1328
2020-01-17 15:10:00,1.75,1.76,1.75,1.76,599
2020-01-17 15:15:00,1.752,1.76,1.75,1.76,30809
2020-01-17 15:20:00,1.765,1.765,1.75,1.75,1629
2020-01-17 15:25:00,1.7539,1.7599,1.75,1.75,3231
2020-01-17 15:30:00,1.755,1.755,1.75,1.75,2459
2020-01-17 15:35:00,1.75,1.755,1.75,1.75,420
2020-01-17 15:40:00,1.75,1.755,1.75,1.755,1602
2020-01-17 15:45:00,1.755,1.79,1.755,1.79,64632
2020-01-17 15:50:00,1.7901,1.8017,1.7817,1.7901,25189
2020-01-17 15:55:00,1.8001,1.8218,1.7968,1.8201,65885
2020-01-17 16:00:00,1.82,1.83,1.81,1.82,102351
2020-01-21 09:35:00,1.73,1.73,1.7,1.7,74019
2020-01-21 09:40:00,1.7,1.7016,1.6816,1.69,29458
2020-01-21 09:45:00,1.6901,1.6916,1.6716,1.6751,32503
2020-01-21 09:50:00,1.675,1.675,1.66,1.6699,20425
2020-01-21 09:55:00,1.6701,1.68,1.67,1.6751,13578
2020-01-21 10:00:00,1.67,1.68,1.67,1.68,9424
2020-01-21 10:05:00,1.6801,1.6816,1.6716,1.6783,24568
2020-01-21 10:10:00,1.68,1.68,1.67,1.68,11765
2020-01-21 10:15:00,1.68,1.68,1.67,1.67,7491
2020-01-21 10:20:00,1.67,1.6788,1.67,1.67,5090
2020-01-21 10:25:00,1.6651,1.6678,1.66,1.6651,2735
2020-01-21 10:30:00,1.665,1.6699,1.665,1.6666,2138
2020-01-21 10:35:00,1.665,1.68,1.665,1.68,8780
2020-01-21 10:40:00,1.6701,1.68,1.67,1.6787,2177
2020-01-21 10:45:00,1.6702,1.6778,1.67,1.67,8335
2020-01-21 10:50:00,1.675,1.68,1.67,1.67,5312
2020-01-21 10:55:00,1.675,1.68,1.67,1.67,1209
2020-01-21 11:00:00,1.67,1.68,1.67,1.67,21452
2020-01-21 11:05:00,1.67,1.67,1.66,1.66,4527
2020-01-21 11:10:00,1.66,1.6616,1.6316,1.6399,26567
2020-01-21 11:15:00,1.6371,1.6391,1.6317,1.6376,4520
2020-01-21 11:20:00,1.64,1.65,1.64,1.645,15335
2020-01-21 11:25:00,1.6402,1.6417,1.6316,1.6389,12006
2020-01-21 11:30:00,1.6388,1.6388,1.63,1.63,6470
2020-01-21 11:35:00,1.63,1.6388,1.63,1.6388,2400
2020-01-21 11:40:00,1.6351,1.6399,1.6313,1.6351,15344
2020-01-21 11:45:00,1.6399,1.6416,1.6366,1.6401,4934
2020-01-21 11:50:00,1.64,1.6414,1.6344,1.639,8906
2020-01-21 11:55:00,1.64,1.65,1.64,1.65,11744
2020-01-21 12:00:00,1.64,1.6401,1.635,1.64,5064
2020-01-21 12:10:00,1.615,1.62,1.6123,1.62,54648
2020-01-21 12:15:00,1.62,1.63,1.62,1.6286,16582
2020-01-21 12:20:00,1.62,1.625,1.62,1.62,693
2020-01-21 12:25:00,1.62,1.63,1.62,1.6201,35071
2020-01-21 12:30:00,1.625,1.625,1.62,1.62,7080
2020-01-21 12:35:00,1.61,1.6262,1.61,1.6262,17648
2020-01-21 12:40:00,1.62,1.625,1.62,1.6229,2247
2020-01-21 12:50:00,1.625,1.625,1.625,1.625,401
2020-01-21 12:55:00,1.6292,1.63,1.625,1.625,4026
2020-01-21 13:00:00,1.63,1.63,1.63,1.63,12403
2020-01-21 13:05:00,1.6393,1.6393,1.635,1.635,3101
2020-01-21 13:15:00,1.6301,1.6396,1.63,1.63,4325
2020-01-21 13:20:00,1.64,1.6414,1.6365,1.6365,3697
2020-01-21 13:35:00,1.63,1.63,1.63,1.63,10442
2020-01-21 13:40:00,1.64,1.64,1.635,1.635,2668
2020-01-21 13:50:00,1.64,1.64,1.64,1.64,155
2020-01-21 13:55:00,1.64,1.64,1.64,1.64,208
2020-01-21 14:00:00,1.64,1.64,1.63,1.63,956
2020-01-21 14:05:00,1.6347,1.6347,1.625,1.625,1495
2020-01-21 14:10:00,1.62,1.625,1.62,1.625,16825
2020-01-21 14:15:00,1.62,1.63,1.62,1.6201,2729
2020-01-21 14:20:00,1.6273,1.63,1.62,1.62,700
2020-01-21 14:25:00,1.63,1.63,1.625,1.63,1607
2020-01-21 14:35:00,1.63,1.63,1.63,1.63,6901
2020-01-21 14:40:00,1.6271,1.6271,1.625,1.625,460
2020-01-21 14:45:00,1.625,1.6313,1.6213,1.625,14819
2020-01-21 14:50:00,1.6299,1.6299,1.6299,1.6299,505
2020-01-21 14:55:00,1.627,1.627,1.624,1.624,1504
2020-01-21 15:00:00,1.62,1.63,1.62,1.63,6800
2020-01-21 15:05:00,1.6236,1.6250,1.6200,1.6200,595
2020-01-21 15:10:00,1.6250,1.6250,1.6250,1.6250,2249
2020-01-21 15:25:00,1.6211,1.6247,1.6211,1.6247,750
2020-01-21 15:30:00,1.6235,1.6235,1.6235,1.6235,120
2020-01-21 15:35:00,1.6252,1.6266,1.6252,1.6266,614
2020-01-21 15:40:00,1.6200,1.6288,1.6200,1.6269,1379
2020-01-21 15:45:00,1.6250,1.6250,1.6200,1.6200,477
2020-01-21 15:50:00,1.6301,1.6316,1.6216,1.6251,3526
2020-01-21 15:55:00,1.6200,1.6293,1.6200,1.6250,3340
2020-01-21 16:00:00,1.6200,1.6250,1.6200,1.6200,15864
2020-01-22 09:35:00,1.5700,1.5700,1.5400,1.5400,92847
2020-01-22 09:40:00,1.5311,1.5339,1.5219,1.5250,27690
2020-01-22 09:45:00,1.5200,1.5300,1.5200,1.5239,17505
2020-01-22 09:50:00,1.5277,1.5314,1.5215,1.5296,14657
2020-01-22 09:55:00,1.5251,1.5265,1.5114,1.5180,41259
2020-01-22 10:00:00,1.5200,1.5200,1.5101,1.5200,14094
2020-01-22 10:05:00,1.5200,1.5200,1.5100,1.5190,31592
2020-01-22 10:10:00,1.5153,1.5200,1.5101,1.5200,17775
2020-01-22 10:15:00,1.5101,1.5148,1.5101,1.5148,545
2020-01-22 10:20:00,1.5184,1.5200,1.5184,1.5200,5275
2020-01-22 10:25:00,1.5100,1.5200,1.5100,1.5200,5207
2020-01-22 10:30:00,1.5232,1.5300,1.5232,1.5243,6114
2020-01-22 10:35:00,1.5300,1.5300,1.5200,1.5200,18948
2020-01-22 10:40:00,1.5201,1.5214,1.5115,1.5151,3801
2020-01-22 10:50:00,1.5150,1.5188,1.5150,1.5188,231
2020-01-22 10:55:00,1.5200,1.5200,1.5100,1.5100,1063
2020-01-22 11:00:00,1.5100,1.5150,1.5100,1.5100,2671
2020-01-22 11:05:00,1.5200,1.5200,1.5198,1.5198,1184
2020-01-22 11:10:00,1.5100,1.5200,1.5100,1.5200,974
2020-01-22 11:15:00,1.5169,1.5215,1.5115,1.5201,2387
2020-01-22 11:20:00,1.5172,1.5214,1.5114,1.5201,2202
2020-01-22 11:30:00,1.5200,1.5200,1.5200,1.5200,875
2020-01-22 11:35:00,1.5100,1.5200,1.5100,1.5200,301
2020-01-22 11:40:00,1.5150,1.5200,1.5150,1.5150,5632
2020-01-22 11:45:00,1.5200,1.5200,1.5200,1.5200,3442
2020-01-22 11:50:00,1.5100,1.5200,1.5100,1.5150,1328
2020-01-22 11:55:00,1.5200,1.5300,1.5200,1.5250,19729
2020-01-22 12:00:00,1.5300,1.5300,1.5258,1.5300,6271
2020-01-22 12:05:00,1.5300,1.5300,1.5263,1.5263,602
2020-01-22 12:10:00,1.5274,1.5300,1.5200,1.5251,1682
2020-01-22 12:15:00,1.5288,1.5288,1.5288,1.5288,158
2020-01-22 12:20:00,1.5200,1.5200,1.5200,1.5200,200
2020-01-22 12:25:00,1.5270,1.5300,1.5200,1.5200,975
2020-01-22 12:30:00,1.5200,1.5300,1.5200,1.5200,5552
2020-01-22 12:40:00,1.5250,1.5250,1.5250,1.5250,336
2020-01-22 12:45:00,1.5260,1.5300,1.5255,1.5255,402
2020-01-22 12:50:00,1.5200,1.5300,1.5200,1.5201,3179
2020-01-22 12:55:00,1.5201,1.5201,1.5201,1.5201,130
2020-01-22 13:00:00,1.5300,1.5300,1.5300,1.5300,199
2020-01-22 13:05:00,1.5250,1.5300,1.5250,1.5280,1759
2020-01-22 13:10:00,1.5200,1.5300,1.5200,1.5299,1187
2020-01-22 13:15:00,1.5250,1.5250,1.5250,1.5250,552
2020-01-22 13:20:00,1.5250,1.5300,1.5200,1.5200,12126
2020-01-22 13:25:00,1.5300,1.5300,1.5290,1.5300,4524
2020-01-22 13:30:00,1.5284,1.5300,1.5284,1.5300,2192
2020-01-22 13:35:00,1.5235,1.5315,1.5215,1.5300,812
2020-01-22 13:40:00,1.5200,1.5250,1.5200,1.5250,891
2020-01-22 13:45:00,1.5250,1.5300,1.5250,1.5299,6186
2020-01-22 13:50:00,1.5300,1.5300,1.5200,1.5200,1094
2020-01-22 14:00:00,1.5200,1.5250,1.5200,1.5200,1064
2020-01-22 14:05:00,1.5281,1.5300,1.5250,1.5250,2779
2020-01-22 14:10:00,1.5300,1.5300,1.5300,1.5300,1671
2020-01-22 14:15:00,1.5300,1.5300,1.5200,1.5200,1771
2020-01-22 14:20:00,1.5300,1.5300,1.5275,1.5275,4156
2020-01-22 14:25:00,1.5200,1.5300,1.5200,1.5250,3928
2020-01-22 14:30:00,1.5301,1.5315,1.5215,1.5301,5803
2020-01-22 14:35:00,1.5250,1.5250,1.5250,1.5250,114
2020-01-22 14:40:00,1.5210,1.5250,1.5210,1.5250,4477
2020-01-22 14:45:00,1.5250,1.5250,1.5250,1.5250,600
2020-01-22 14:50:00,1.5200,1.5250,1.5200,1.5250,200
2020-01-22 14:55:00,1.5200,1.5201,1.5200,1.5201,335
2020-01-22 15:00:00,1.5200,1.5300,1.5200,1.5300,6084
2020-01-22 15:05:00,1.5300,1.5300,1.5200,1.5200,1689
2020-01-22 15:10:00,1.5250,1.5250,1.5250,1.5250,575
2020-01-22 15:20:00,1.5250,1.5250,1.5250,1.5250,3063
2020-01-22 15:30:00,1.5200,1.5200,1.5200,1.5200,768
2020-01-22 15:35:00,1.5244,1.5244,1.5200,1.5200,1520
2020-01-22 15:40:00,1.5250,1.5300,1.5250,1.5250,67022
2020-01-22 15:45:00,1.5250,1.5250,1.5200,1.5200,823
2020-01-22 15:50:00,1.5300,1.5300,1.5200,1.5200,1107
2020-01-22 15:55:00,1.5220,1.5250,1.5218,1.5250,10656
2020-01-22 16:00:00,1.5300,1.5300,1.5200,1.5200,24573
